objectID,post_title,url,quantity_kcal_total,quantity_proteine_total,quantity_eau_total,quantity_calcium_total,quantity_magnésium_total,quantity_manganèse_total,quantity_potassium_total,quantity_sodium_total,quantity_vitamine B6_total,quantity_vitamine C_total,quantity_vitamine D_total,quantity_vitamine E_total
cocktail_5690,Pumpkin Spice Hot Shot,https://1ou2cocktails.com/cocktails/pumpkin-spice-hot-shot/,156.37,0.01,41.22,2.2,2.9,0.02,43.37,4.470000000000001,0.16,0.0,0.0,0.0
cocktail_5665,Mano Cornuto's Negroni Sour,https://1ou2cocktails.com/cocktails/mano-cornutos-negroni-sour/,219.25,0.17,78.65,5.04,6.86,0.35,62.52,9.31,0.03,3.97,0.0,0.01
cocktail_5648,Porn Star Martini,https://1ou2cocktails.com/cocktails/porn-star-martini/,257.57,0.08,57.86,1.99,3.05,0.19,31.63,4.67,0.01,1.98,0.0,0.0
cocktail_5655,Sirop de Vanille,https://1ou2cocktails.com/cocktails/sirop-de-vanille/,519.37,0.0,152.57,9.5,3.74,0.01,32.89,7.19,0.0,0.0,0.0,0.0
cocktail_5621,Gin & Radicchio Collins,https://1ou2cocktails.com/cocktails/gin-radicchio-collins/,246.45,0.13,66.17,3.2,4.63,0.35,47.06,5.27,0.03,3.97,0.0,0.01
cocktail_5626,Sirop de Radicchio,https://1ou2cocktails.com/cocktails/sirop-de-radicchio/,0.0,0.0,0.0,0.0,0.0,0.0,0.0,0.0,0.0,0.0,0.0,0.0
cocktail_5615,Thé Glacé Limonade aux Framboises,https://1ou2cocktails.com/cocktails/the-glace-limonade-aux-framboises/,40.04,0.03,237.59,1.41,5.67,0.53,69.75,5.07,0.01,0.99,0.0,0.0
cocktail_5611,Sevilla Sour Rhubarbe & Fraise,https://1ou2cocktails.com/cocktails/sevilla-sour-rhubarbe-fraise/,269.93,0.09,68.95,2.87,3.4,0.27,35.72,5.12,0.02,2.98,0.0,0.0
cocktail_5609,Sirop et Compote (2 en 1) Rhubarbe & Fraise,https://1ou2cocktails.com/cocktails/sirop-et-compote-2-en-1-rhubarbe-fraise/,649.2,0.0,190.62,9.79,3.74,0.01,33.45,7.75,0.0,0.0,0.0,0.0
cocktail_5600,Ginto Pamplemousse & Concombre,https://1ou2cocktails.com/cocktails/ginto-pamplemousse-concombre/,160.75,0.23,77.89999999999999,4.77,7.8,0.68,77.19,4.28,0.06,7.94,0.0,0.01
cocktail_5593,Daiquiri Cerise Épicé,https://1ou2cocktails.com/cocktails/daiquiri-cerise-epice/,225.61,0.21,86.52,4.58,7.01,0.62,71.22,4.59,0.05,6.95,0.0,0.01
cocktail_5584,Sgroppino (Sorbet Citron & Prosecco),https://1ou2cocktails.com/cocktails/sgroppino-sorbet-citron-prosecco/,34.29,0.0,59.06,4.03,4.14,0.05,47.98,1.56,0.0,0.0,0.0,0.0
cocktail_5553,Mezcal Margarita,https://1ou2cocktails.com/cocktails/mezcal-margarita/,211.74,0.11,54.89,2.12,3.62,0.26,36.08,3.98,0.02,2.98,0.0,0.0
cocktail_5548,Vesper Martini,https://1ou2cocktails.com/cocktails/vesper-martini/,256.42,0.0,75.02,1.01,1.03,0.02,12.3,2.05,0.0,0.0,0.0,0.0
cocktail_5531,Mojito Royal,https://1ou2cocktails.com/cocktails/mojito-royal/,129.34,0.0,99.98,6.61,6.47,0.09,75.31,4.14,0.0,0.0,0.0,0.0
cocktail_5525,Sour Di Rosa,https://1ou2cocktails.com/cocktails/sour-di-rosa/,198.1,0.22,56.97,4.24,7.24,0.52,72.15,6.25,0.04,5.95,0.0,0.01
cocktail_5514,Sangria Cosmopolitaine (pichet),https://1ou2cocktails.com/cocktails/sangria-cosmopolitaine-pichet/,116.9,0.2,113.17,8.23,10.97,0.66,116.05,4.76,0.05,6.94,0.0,0.01
cocktail_5520,Sangria Cosmopolitaine (au verre),https://1ou2cocktails.com/cocktails/sangria-cosmopolitaine-verre/,116.9,0.2,113.16,8.23,10.97,0.66,116.06,4.76,0.05,6.94,0.0,0.01
cocktail_5508,Margarita Al Limoncello,https://1ou2cocktails.com/cocktails/margarita-al-limoncello/,192.24,0.11,48.66,2.31,3.7,0.26,37.28,4.18,0.02,2.98,0.0,0.0
cocktail_5500,Espresso Martini No.900,https://1ou2cocktails.com/cocktails/espresso-martini-no-900/,106.31,0.0,76.37,2.13,4.57,0.04,74.94,1.77,0.37,0.0,0.0,0.0
cocktail_5492,Whisky Sour au Gingembre,https://1ou2cocktails.com/cocktails/whisky-sour-au-gingembre/,176.36,0.12,59.34,2.86,4.12,0.35,42.03,2.91,0.03,3.97,0.0,0.01
cocktail_5470,Gimlet,https://1ou2cocktails.com/cocktails/gimlet/,219.47,0.12,67.38,2.86,4.12,0.35,41.6,4.04,0.03,3.97,0.0,0.01
cocktail_5465,Penicillin (version simplifiée),https://1ou2cocktails.com/cocktails/penicillin-version-simplifiee/,172.61,0.09,55.51000000000001,9.809999999999999,4.640000000000001,0.45,48.06,3.02,0.02,2.98,0.0,0.0
cocktail_5457,New York Sour,https://1ou2cocktails.com/cocktails/new-york-sour/,212.09,0.12,80.84,3.87,5.15,0.36,54.12,3.26,0.03,3.97,0.0,0.01
cocktail_5452,Spritz Framboise Basilic,https://1ou2cocktails.com/cocktails/spritz-framboise-basilic/,129.12,0.03,15.22,0.66,1.02,0.01,10.92,3.02,0.0,0.0,0.0,0.0
cocktail_5447,Sirop de Citronnelle,https://1ou2cocktails.com/cocktails/sirop-de-citronnelle/,0.0,0.0,0.0,0.0,0.0,0.0,0.0,0.0,0.0,0.0,0.0,0.0
cocktail_5442,Mocktail Exotique Citronnelle et Hibiscus,https://1ou2cocktails.com/cocktails/mocktail-exotique-citronnelle-et-hibiscus/,88.03,0.12,119.52,4.76,5.05,0.39,50.46,4.24,0.03,3.97,0.0,0.01
cocktail_5434,White Negroni,https://1ou2cocktails.com/cocktails/white-negroni/,168.12,0.03,52.59,2.29,2.92,0.04,32.41,3.34,0.0,0.0,0.0,0.0
cocktail_5429,Vin Chaud Scandinave,https://1ou2cocktails.com/cocktails/vin-chaud-scandinave/,90.13,0.12,203.87,15.37,17.31,0.51,193.33,6.65,0.03,3.97,0.0,0.01
cocktail_5406,Shooter Épicé Piment et Sureau,https://1ou2cocktails.com/cocktails/shooter-epice-piment-et-sureau/,115.09,0.01,23.61,0.14,0.43,0.01,4.6,1.31,0.0,0.0,0.0,0.0
cocktail_5400,Lait de Poule Québécois,https://1ou2cocktails.com/cocktails/lait-de-poule-quebecois/,0.0,0.0,0.0,0.0,0.0,0.0,0.0,0.0,0.0,0.0,0.0,0.0
cocktail_5391,Punch de Noël Gin & Pomme,https://1ou2cocktails.com/cocktails/punch-de-noel-gin-pomme/,342.3,0.3,244.87,15.87,19.59,1.02,210.25,10.26,0.08,10.58,0.0,0.02
cocktail_5361,Sour Gin et Raisin Vert,https://1ou2cocktails.com/cocktails/sour-gin-et-raisin-vert/,181.89,0.12,58.57,2.86,4.12,0.35,41.6,3.76,0.03,3.97,0.0,0.01
cocktail_5349,Breakfast Daiquiri,https://1ou2cocktails.com/cocktails/breakfast-daiquiri/,184.66,0.09999999999999999,52.96,2.05,3.41,0.27,34.8,3.05,0.02,2.98,0.0,0.0
cocktail_5333,Sangria Aperitivo,https://1ou2cocktails.com/cocktails/sangria-aperitivo/,84.73,0.14,69.37,5.52,7.6,0.38,80.21000000000001,4.07,0.03,3.97,0.0,0.01
cocktail_5327,Italian Mule,https://1ou2cocktails.com/cocktails/italian-mule/,134.56,0.11,39.51000000000001,1.93,3.53,0.26,35.08,2.65,0.02,2.98,0.0,0.0
cocktail_5321,Atoca Spritz,https://1ou2cocktails.com/cocktails/atoca-spritz/,126.07,0.15,37.13,2.76,4.8,0.35,47.71,4.01,0.03,3.97,0.0,0.01
cocktail_5316,Collins Gingembre et Citronnelle,https://1ou2cocktails.com/cocktails/collins-gingembre-et-citronnelle/,160.06,0.09,49.88,2.1,3.06,0.26,30.9,2.92,0.02,2.98,0.0,0.0
cocktail_5305,Nuage de Litchi,https://1ou2cocktails.com/cocktails/nuage-de-litchi/,172.11,0.12,60.02,2.86,4.12,0.36,42.13,3.34,0.03,3.97,0.0,0.01
cocktail_5278,Last Word,https://1ou2cocktails.com/cocktails/last-word/,225.84,0.13,51.1,2.14,4.17,0.26,41.25,4.76,0.02,2.98,0.0,0.0
cocktail_5271,Pisco Sour à l'Abricot,https://1ou2cocktails.com/cocktails/pisco-sour-a-labricot/,212.69,3.18,95.05,4.84,7.24,0.35,88.38,50.54,0.03,3.97,0.0,0.01
cocktail_5267,Amaretto Sour Pomme & Cannelle,https://1ou2cocktails.com/cocktails/amaretto-sour-pomme-cannelle/,174.87,0.24,64.28,4.48,7.69,0.6100000000000001,76.2,5.4,0.05,6.95,0.0,0.01
cocktail_5256,White Russian,https://1ou2cocktails.com/cocktails/white-russian/,176.58,1.05,85.68,33.82,5.449999999999999,0.04,81.22,20.19,0.23,0.06,0.03,0.03
cocktail_5224,Bulles d'Automne Pomme & Épices,https://1ou2cocktails.com/cocktails/bulles-dautomne-pomme-epices/,77.37,0.32,72.41,6.68,10.77,0.9400000000000001,106.88,5.02,0.08,10.92,0.0,0.01
cocktail_5218,Shooter Zubrowka & Jus de Pomme,https://1ou2cocktails.com/cocktails/shooter-zubrowka-et-jus-de-pomme/,148.47,0.09,55.49,1.72,2.89,0.28,29.19,1.67,0.02,2.98,0.0,0.0
cocktail_5207,Naked & Famous,https://1ou2cocktails.com/cocktails/naked-famous/,207.05,0.13,46.69,2.14,4.17,0.26,41.25,4.62,0.02,2.98,0.0,0.0
cocktail_5199,Sour à l'orange épicé,https://1ou2cocktails.com/cocktails/sour-a-lorange-epice/,227.71,3.2,82.17,4.76,7.88,0.35,94.18,52.09,0.02,3.96,0.0,0.0
cocktail_5192,Limonade au Limoncello,https://1ou2cocktails.com/cocktails/limonade-au-limoncello/,189.47,0.14,55.74,2.88,4.67,0.35,47.13,4.25,0.03,3.97,0.0,0.01
cocktail_5172,Mimosa Hibiscus Passion,https://1ou2cocktails.com/cocktails/mimosa-hibiscus-passion/,36.62,0.0,136.33,7.55,6.95,0.1,79.21000000000001,3.66,0.0,0.0,0.0,0.0
cocktail_5141,Slush Tropicale au Gin,https://1ou2cocktails.com/cocktails/slush-tropicale-au-gin/,269.23,0.12,167.54,7.73,5.31,0.4,47.38,5.5,0.03,3.97,0.0,0.01
cocktail_5131,Limonade à la Pêche Blanche,https://1ou2cocktails.com/cocktails/limonade-a-la-peche-blanche/,47.38,0.09,23.48,2.1,3.06,0.26,30.9,2.07,0.02,2.98,0.0,0.0
cocktail_5115,Spritz Blanc,https://1ou2cocktails.com/cocktails/spritz-blanc/,269.31,0.05,113.64,5.78,6.409999999999999,0.06,67.92999999999999,7.2,0.0,0.0,0.0,0.0
cocktail_5036,Melon d’Eau et Basilic Smash,https://1ou2cocktails.com/cocktails/melon-deau-et-basilic-smash/,150.28,0.09,51.33000000000001,2.1,3.06,0.27,31.43,2.5,0.02,2.98,0.0,0.0
cocktail_5031,Limonade à la Menthe,https://1ou2cocktails.com/cocktails/limonade-a-la-menthe/,333.19,0.23,121.39,6.16,8.22,0.6900000000000001,84.06,6.67,0.06,7.94,0.0,0.01
cocktail_5025,Sour Fraise et Basilic,https://1ou2cocktails.com/cocktails/sour-fraise-et-basilic/,186.3,0.29,92.69,6.11,9.81,0.8500000000000001,97.38,5.49,0.07,9.92,0.0,0.02
cocktail_5017,Gin Tonic Café & Concombre,https://1ou2cocktails.com/cocktails/gin-tonic-cafe-concombre/,114.14,0.0,47.19,0.91,1.96,0.01,31.89,1.42,0.16,0.0,0.0,0.0
cocktail_5011,Beach Club,https://1ou2cocktails.com/cocktails/beach-club-vodka-pamplemousse/,180.27,0.32,100.26,6.68,10.77,0.9500000000000001,107.41,5.45,0.08,10.92,0.0,0.01
cocktail_4990,Sour Lillet et Mezcal,https://1ou2cocktails.com/cocktails/sour-lillet-et-mezcal/,66.88,0.09,67.05,4.93,6.08,0.3,65.54,2.93,0.02,2.98,0.0,0.0
cocktail_4987,Sauvez Willy,https://1ou2cocktails.com/cocktails/sauvez-willy/,203.63,0.17,73.95,4.21,6.12,0.53,62.65,4.56,0.04,5.95,0.0,0.01
cocktail_4980,Sangria aux Fraises du Québec,https://1ou2cocktails.com/cocktails/sangria-aux-fraises-du-quebec/,277.97,0.41,197.83,13.86,19.11,1.21,199.01,9.700000000000001,0.1,13.23,0.0,0.02
cocktail_4965,Sirop de basilic,https://1ou2cocktails.com/cocktails/sirop-de-basilic/,578.34,0.0,82.1,6.12,2.72,0.07,38.56,15.33,0.0,0.0,0.0,0.0
cocktail_4961,Tequila Kombucha,https://1ou2cocktails.com/cocktails/tequila-kombucha/,120.18,0.06,38.63,1.14,1.93,0.17,18.99,1.59,0.01,1.98,0.0,0.0
cocktail_4937,Gin & Jam à l’Argousier,https://1ou2cocktails.com/cocktails/gin-jam-a-largousier/,179.59,0.09,56.13,1.91,2.98,0.26,29.7,2.72,0.02,2.98,0.0,0.0
cocktail_4927,Gin Fizz Fraise et Rose,https://1ou2cocktails.com/cocktails/gin-fizz-fraise-et-rose/,223.75,0.03,39.06,0.47,0.94,0.01,9.719999999999999,3.39,0.0,0.0,0.0,0.0
cocktail_4922,Garde la Pêche,https://1ou2cocktails.com/cocktails/garde-la-peche/,311.76,0.7,139.01,5.87,9.24,0.3,150.39,3.38,0.04,6.720000000000001,0.0,0.72
cocktail_4912,Spicy Margarita au Soho,https://1ou2cocktails.com/cocktails/spicy-margarita-au-soho/,281.47,0.15,72.28999999999999,2.64,4.93,0.34,48.62,5.17,0.03,3.97,0.0,0.01
cocktail_4834,Sangria NO.900,https://1ou2cocktails.com/cocktails/sangria-no-900/,147.87,0.2,105.42,7.87,10.66,0.56,112.36,5.93,0.04,5.95,0.0,0.01
cocktail_4841,Michelangelo,https://1ou2cocktails.com/cocktails/michelangelo/,208.84,7.46,85.95,143.47,19.33,0.33,204.79,228.34,0.17,2.98,7.94,1.42
cocktail_4850,Basilic Sour,https://1ou2cocktails.com/cocktails/basilic-sour/,189.39,0.18,70.8,4.01,6.04,0.53,60.59,4.51,0.04,5.96,0.0,0.0
cocktail_4856,Spritz du Printemps,https://1ou2cocktails.com/cocktails/spritz-du-printemps/,258.96,0.03,103.05,4.970000000000001,5.159999999999999,0.06,59.29,5.01,0.0,0.0,0.0,0.0
cocktail_4862,Limonade Amaro,https://1ou2cocktails.com/cocktails/limonade-amaro/,342.93,0.33,119.48,6.81,11.09,0.8600000000000001,110.71,8.3,0.06999999999999999,9.92,0.0,0.01
cocktail_4866,Amermelade Spritz,https://1ou2cocktails.com/cocktails/amermelade-spritz/,269.31,0.04,102.97,4.74,5.42,0.06,61.13,5.07,0.0,0.0,0.0,0.0
cocktail_4899,Gin Mule Menthe et Concombre,https://1ou2cocktails.com/cocktails/gin-mule-menthe-et-concombre/,112.68,0.0,26.4,0.0,0.0,0.0,0.0,0.85,0.0,0.0,0.0,0.0
cocktail_4822,Dill With It!,https://1ou2cocktails.com/cocktails/gin-tonic-cornichon-et-aneth/,151.64,0.08,41.85,4.61,1.63,0.0,8.51,49.98,0.0,0.0,0.0,0.03
cocktail_4809,Sour au limoncello,https://1ou2cocktails.com/cocktails/sour-au-limoncello/,243.27,0.12,61.42,2.38,3.91,0.28,39.94,4.56,0.02,2.98,0.0,0.0
cocktail_4786,Key Lime Pie au Dulce de Leche,https://1ou2cocktails.com/cocktails/key-lime-pie-au-dulce-de-leche/,169.1,1.05,58.62,32.81,2.84,0.01,38.6,19.42,0.02,0.06,0.03,0.03
cocktail_4773,Mimosa Pamplemousse,https://1ou2cocktails.com/cocktails/mimosa-pamplemousse/,59.98,0.46,197.43,17.21,23.7,1.46,247.56,8.74,0.12,15.88,0.0,0.02
cocktail_4764,Slush Banana Split Noisette,https://1ou2cocktails.com/cocktails/slush-banana-split-noisette/,94.95,3.54,79.63,114.95,10.69,0.03,146.56,53.27,0.04,0.67,0.17,0.11
cocktail_4757,Sour à la Pêche Sans Alcool,https://1ou2cocktails.com/cocktails/sour-a-la-peche-sans-alcool/,175.06,0.21,74.35,4.39,6.92,0.6000000000000001,68.89,4.390000000000001,0.05,6.95,0.0,0.01
cocktail_4283,Cocktail Bleu Festif,https://1ou2cocktails.com/cocktails/cocktail-bleu-festif/,159.16,0.01,31.44,0.14,0.43,0.0,4.25,1.88,0.0,0.0,0.0,0.0
cocktail_4278,Slush Gin Coco et Concombre,https://1ou2cocktails.com/cocktails/slush-gin-coco-et-concombre/,161.35,1.14,65.56,34.32,5.73,0.27,66.48,20.81,0.04,3.04,0.03,0.03
cocktail_4731,Sirop de Menthe fraîche,https://1ou2cocktails.com/cocktails/sirop-de-menthe-fraiche/,578.34,0.0,82.1,6.12,2.72,0.07,38.56,15.33,0.0,0.0,0.0,0.0
cocktail_4727,Cocktail Canadien à l'Érable,https://1ou2cocktails.com/cocktails/cocktail-canadien-a-lerable/,158.28,0.12,56.77,2.67,4.03,0.34,40.83,2.43,0.03,3.97,0.0,0.01
cocktail_4707,Rye Sour Framboise et Cidre,https://1ou2cocktails.com/cocktails/rye-sour-framboise-et-cidre/,176.36,0.12,59.34,2.86,4.12,0.35,42.03,2.91,0.03,3.97,0.0,0.01
cocktail_4687,Gin Old Fashioned Les Herbes Folles,https://1ou2cocktails.com/cocktails/les-herbes-folles-gin-old-fashioned/,150.26,0.0,40.55,0.52,0.5,0.0,3.4,2.19,0.0,0.0,0.0,0.0
cocktail_4679,Irish Coffee,https://1ou2cocktails.com/cocktails/irish-coffee/,226.98,4.2,184.54,134.07,19.16,0.12,279.82,77.71,0.69,0.23,0.11,0.11
cocktail_4672,Gin Tonic au Earl Grey,https://1ou2cocktails.com/cocktails/gin-tonic-au-earl-grey/,112.7,0.0,54.69,0.06,0.57,0.05,7.23,1.32,0.0,0.0,0.0,0.0
cocktail_4664,Chartreuse Sour,https://1ou2cocktails.com/cocktails/chartreuse-sour/,221.14,0.13,47.90000000000001,2.53,4.340000000000001,0.27,43.84,5.29,0.02,2.98,0.0,0.0
cocktail_4651,Sirop de Zeste,https://1ou2cocktails.com/cocktails/sirop-de-zeste/,519.37,0.0,152.57,9.5,3.74,0.01,32.89,7.19,0.0,0.0,0.0,0.0
cocktail_4647,Euphoria Cocktail,https://1ou2cocktails.com/cocktails/euphoria-cocktail/,144.09,0.6900000000000001,74.94,19.74,7.2,0.53,76.5,12.06,0.05,5.98,0.01,0.02
cocktail_4642,Céleri Midi,https://1ou2cocktails.com/cocktails/celeri-midi/,72.06,0.09,51.86,4.6,5.43,0.17,44.86,8.629999999999999,0.01,1.98,0.0,0.0
cocktail_4628,Amaretto Sour,https://1ou2cocktails.com/cocktails/amaretto-sour/,200.98,0.18,44.66,2.86,5.56,0.35,55.0,5.58,0.03,3.97,0.0,0.01
cocktail_4597,Paper Plane,https://1ou2cocktails.com/cocktails/paper-plane/,204.29,0.13,47.08,2.14,4.17,0.26,41.45999999999999,4.19,0.02,2.98,0.0,0.0
cocktail_4589,Hot Tea au Limoncello,https://1ou2cocktails.com/cocktails/hot-tea-limoncello/,139.61,0.12,243.98,2.0,6.42,0.46,80.55,7.4,0.01,0.11,0.0,0.0
cocktail_4574,Italian 75 à la Fraise,https://1ou2cocktails.com/cocktails/italian-75-a-la-fraise/,118.76,0.06,34.97,1.52,2.1,0.17,21.4,2.27,0.01,1.98,0.0,0.0
cocktail_4566,Mocktail à la Grenade,https://1ou2cocktails.com/cocktails/mocktail-a-la-grenade/,234.47,0.24,91.85,5.15,7.98,0.6900000000000001,79.59,5.51,0.06,7.94,0.0,0.02
cocktail_4559,Sour Aperol et Orange Sanguine,https://1ou2cocktails.com/cocktails/sour-aperol-et-orange-sanguine/,198.1,0.22,56.97,4.24,7.24,0.52,72.15,6.25,0.04,5.95,0.0,0.01
cocktail_4552,Fraisinette,https://1ou2cocktails.com/cocktails/fraisinette/,118.76,0.4,34.97,12.41,8.27,0.3100000000000001,108.14,5.58,0.03,27.87,0.0,0.19
cocktail_4549,Mojito Concombre et Gingembre S/A,https://1ou2cocktails.com/cocktails/mojito-concombre-et-gingembre-s-a/,69.21000000000001,0.12,32.17,2.86,4.12,0.35,41.6,2.91,0.03,3.97,0.0,0.01
cocktail_4527,Mocktail Vitaminé à l'Orange,https://1ou2cocktails.com/cocktails/mocktail-vitamine-a-lorange/,178.8,0.23,80.47,12.5,9.67,0.68,87.96,22174.46,0.05,7.93,0.0,0.01
cocktail_4523,Tom Collins au Concombre S/A,https://1ou2cocktails.com/cocktails/tom-collins-au-concombre-s-a/,181.89,0.12,58.57,2.86,4.12,0.35,41.6,3.76,0.03,3.97,0.0,0.01
cocktail_4520,Abricot Bene,https://1ou2cocktails.com/cocktails/abricot-bene/,154.47,0.16,39.61,2.72,5.14,0.35,50.75,4.55,0.03,3.97,0.0,0.01
cocktail_4504,Kir Royal du Verger,https://1ou2cocktails.com/cocktails/kir-royal-du-verger/,37.42,1.13,126.73,41.28,6.39,0.04,151.05,23.6,0.02,11.74,0.03,0.03
cocktail_4497,Peachy Espresso Martini,https://1ou2cocktails.com/cocktails/peachy-espresso-martini/,108.26,0.0,104.09,3.35,7.18,0.06,117.47,2.53,0.57,0.0,0.0,0.0
cocktail_4478,Tisane St-Germain et Camomille,https://1ou2cocktails.com/cocktails/tisane-st-germain-et-camomille/,612.35,0.07,163.52,1.97,1.15,0.02,15.76,4.62,0.01,0.06,0.0,0.0
cocktail_4469,Reese's Cocktail,https://1ou2cocktails.com/cocktails/reeses-cocktail/,75.81,2.1,55.48,65.81,6.97,0.04,97.24000000000001,38.09,0.13,0.11,0.06,0.06
cocktail_4462,Rhum Trinidad Sour et Orange Sanguine,https://1ou2cocktails.com/cocktails/rhum-trinidad-sour-et-orange-sanguine/,203.78,0.27,82.3,5.71,6.87,0.53,72.01,64.22,0.04,6.2,0.06,0.52
cocktail_4429,Spritz Aronia et Clémentine,https://1ou2cocktails.com/cocktails/spritz-aronia-et-clementine/,359.44,0.16,145.05,7.030000000000001,9.280000000000001,0.4,99.11999999999999,7.11,0.03,3.97,0.0,0.01
cocktail_4430,Punch des Fêtes Sans Alcool,https://1ou2cocktails.com/cocktails/punch-des-fetes-sans-alcool/,322.3,0.15,104.39,4.1,5.48,0.46,56.04,5.22,0.04,5.29,0.0,0.01
cocktail_4417,Whisky Sour à la Poire S/A,https://1ou2cocktails.com/cocktails/whisky-sour-a-la-poire-sans-alcool/,190.26,0.15,83.78,5.359999999999999,4.56,0.27,63.79,2.55,0.03,7.970000000000001,0.0,0.09
cocktail_4411,Cocktail Festif Gin et Canneberges,https://1ou2cocktails.com/cocktails/cocktail-festif-gin-et-canneberges/,182.55,0.26,86.57,5.54,8.84,0.77,87.88,5.13,0.06,8.93,0.0,0.01
cocktail_4388,Sour Gingembre et Ananas,https://1ou2cocktails.com/cocktails/sour-gingembre-et-ananas/,186.3,0.29,92.69,6.1,9.81,0.8500000000000001,97.38,5.5,0.06999999999999999,9.92,0.0,0.01
cocktail_4361,Caffè Al Limoncello,https://1ou2cocktails.com/cocktails/caffe-al-limoncello/,179.82,1.09,77.53,34.86,8.030000000000001,0.05,114.53,23.08,0.33,0.06,0.03,0.03
cocktail_4355,Cocktail Effervescent de Noël,https://1ou2cocktails.com/cocktails/cocktail-effervescent-de-noel/,186.85,0.13,38.62,2.53,4.340000000000001,0.27,43.66,5.15,0.02,2.98,0.0,0.0
cocktail_4293,Bourbon Smash Pêche et Prosciutto,https://1ou2cocktails.com/cocktails/bourbon-smash-peche-et-romarin/,224.26,0.11,58.22000000000001,2.31,3.7,0.26,37.70999999999999,3.61,0.02,2.98,0.0,0.0
cocktail_4349,Gin Fizz aux Bleuets,https://1ou2cocktails.com/cocktails/gin-fizz-aux-bleuets/,181.89,0.12,58.57,2.86,4.12,0.35,41.6,3.76,0.03,3.97,0.0,0.01
cocktail_4345,Amaretto Flip,https://1ou2cocktails.com/cocktails/amaretto-flip/,223.75,0.03,39.06,0.47,0.94,0.01,9.719999999999999,3.39,0.0,0.0,0.0,0.0
cocktail_4339,Scotch Old Fashioned,https://1ou2cocktails.com/cocktails/scotch-old-fashioned/,142.88,0.0,36.23,0.0,0.0,0.0,0.57,0.0,0.0,0.0,0.0,0.0
cocktail_4314,Tom Collins à l'Épinette,https://1ou2cocktails.com/cocktails/tom-collins-a-lepinette/,181.89,0.12,58.57,2.86,4.12,0.35,41.6,3.76,0.03,3.97,0.0,0.01
cocktail_4330,Tuxedo Dress,https://1ou2cocktails.com/cocktails/tuxedo-dress/,173.52,0.03,59.08000000000001,2.16,2.19,0.0,15.74,5.89,0.0,0.0,0.0,0.0
cocktail_4321,Holiday French 75,https://1ou2cocktails.com/cocktails/holiday-french-75/,163.81,0.12,56.0,2.67,4.03,0.34,40.40000000000001,3.28,0.03,3.97,0.0,0.01
cocktail_4288,White Lady,https://1ou2cocktails.com/cocktails/white-lady/,229.79,0.11,57.45,2.31,3.7,0.26,37.28,4.46,0.02,2.98,0.0,0.0
cocktail_4271,Chai Whisky Chaud,https://1ou2cocktails.com/cocktails/chai-whisky-chaud/,346.88,0.21,123.74,5.21,7.09,0.61,72.36,5.35,0.05,6.95,0.0,0.01
cocktail_4266,Tequila Highball et Fleur de Sureau,https://1ou2cocktails.com/cocktails/tequila-highball-et-fleur-de-sureau/,130.54,0.03,18.89,0.28,0.85,0.01,8.51,2.34,0.0,0.0,0.0,0.0
cocktail_4259,Vermouth Soda Ambré,https://1ou2cocktails.com/cocktails/vermouth-soda-ambre/,69.73,0.05,50.27,4.39,4.61,0.0,33.6,10.05,0.0,0.0,0.0,0.0
cocktail_4252,Mocktail Pamplemousse et Gin S/A,https://1ou2cocktails.com/cocktails/mocktail-gin-pamplemousse-s-a/,186.3,0.3,103.36,7.15,10.8,0.8500000000000001,104.18,7.62,0.07,9.92,0.0,0.02
cocktail_4234,Gin Fizz Subversif,https://1ou2cocktails.com/cocktails/gin-fizz-subversif/,182.51,0.64,66.39999999999999,18.97,5.45,0.35,59.39,12.7,0.04,4.0,0.01,0.02
cocktail_4225,Mimosa Vent du Nord,https://1ou2cocktails.com/cocktails/mimosa-vent-du-nord/,222.99,0.2,73.24,3.83,6.52,0.51,64.57000000000001,5.08,0.04,5.95,0.0,0.01
cocktail_4130,Sour de Charlevoix,https://1ou2cocktails.com/cocktails/sour-de-charlevoix/,197.89,0.09,86.95,2.67,3.34,0.27,33.45,3.48,0.02,2.98,0.0,0.0
cocktail_4216,Daiquiri à l'Acerum,https://1ou2cocktails.com/cocktails/daiquiri-a-lacerum/,199.05,0.12,70.22,3.14,4.12,0.35,42.17,3.48,0.03,3.97,0.0,0.01
cocktail_4202,Summer Manhattan Cirka,https://1ou2cocktails.com/cocktails/summer-manhattan-cirka/,146.57,0.01,46.4,1.04,0.99,0.0,7.08,2.7,0.0,0.0,0.0,0.0
cocktail_4203,Sirop de fraise,https://1ou2cocktails.com/cocktails/sirop-de-fraise/,585.03,1.07,306.17,40.12,24.15,0.45,271.03,7.19,0.07,91.85,0.0,0.51
cocktail_4187,Gin Tonic à la rhubarbe (Recette Secrète),https://1ou2cocktails.com/cocktails/gin-tonic-a-la-rhubarbe-recette-secrete/,144.86,0.02,25.18,0.21,0.64,0.0,6.38,2.11,0.0,0.0,0.0,0.0
cocktail_4150,Espresso Martini Menaud,https://1ou2cocktails.com/cocktails/espresso-martini-menaud/,73.48,0.01,98.55000000000001,4.09,7.51,0.06,113.46,4.32,0.51,0.0,0.0,0.0
cocktail_4159,Sirop de Café,https://1ou2cocktails.com/cocktails/sirop-de-cafe/,15.6,0.0,222.2,18.12,24.61,0.17,370.82,11.04,1.66,0.0,0.0,0.0
cocktail_4147,Sirop de lavande,https://1ou2cocktails.com/cocktails/sirop-de-lavande/,519.37,0.0,152.57,9.5,3.74,0.01,32.89,7.19,0.0,0.0,0.0,0.0
cocktail_4138,Collins du Fjord,https://1ou2cocktails.com/cocktails/collins-du-fjord/,197.64,0.09,58.69,2.1,3.06,0.26,30.9,3.2,0.02,2.98,0.0,0.0
cocktail_4062,Margarita à la noix de coco,https://1ou2cocktails.com/cocktails/margarita-a-la-noix-de-coco/,164.67,0.92,62.72,26.88,6.42,0.35,70.73,17.21,0.04,4.01,0.02,0.03
cocktail_4051,Sangria Blanche au Cassis (De Luxe),https://1ou2cocktails.com/cocktails/sangria-blanche-au-cassis-de-luxe/,114.8,0.61,147.71,26.56,12.76,0.37,145.69,14.54,0.03,3.01,0.01,0.01
cocktail_4045,Spritz Sans Alcool à la Fraise,https://1ou2cocktails.com/cocktails/spritz-sans-alcool-a-la-fraise/,197.23,0.15,38.54000000000001,2.29,4.59,0.27,45.5,5.220000000000001,0.02,2.98,0.0,0.0
cocktail_4006,Limonade Vodka Pomme et Hibiscus,https://1ou2cocktails.com/cocktails/limonade-vodka-pomme-et-hibiscus/,169.02,0.23,81.9,4.96,7.88,0.6900000000000001,78.91,4.34,0.05,7.93,0.0,0.01
cocktail_3988,Mimosa gin et kombucha,https://1ou2cocktails.com/cocktails/mimosa-gin-et-kombucha/,135.17,0.17,63.09,3.44,5.78,0.51,56.98,3.06,0.04,5.95,0.0,0.01
cocktail_3982,Slush Gin et Limoncello,https://1ou2cocktails.com/cocktails/slush-gin-et-limoncello/,267.17,0.16,66.02,2.72,5.14,0.35,50.75,5.4,0.03,3.97,0.0,0.01
cocktail_3961,Mocktail Licorne Rose,https://1ou2cocktails.com/cocktails/mocktail-licorne-rose/,80.28,0.06,79.02,3.04,2.84,0.2,28.91,3.23,0.01,1.98,0.0,0.0
cocktail_3913,Sangria au Vin Orange,https://1ou2cocktails.com/cocktails/sangria-au-vin-orange/,44.1,0.16,143.91,12.03,14.23,0.56,155.82,5.67,0.04,5.29,0.0,0.01
cocktail_3905,Sirop de Framboise,https://1ou2cocktails.com/cocktails/sirop-de-framboise/,519.37,0.0,152.57,9.5,3.74,0.01,32.89,7.19,0.0,0.0,0.0,0.0
cocktail_3901,Enzoni,https://1ou2cocktails.com/cocktails/enzoni/,215.5,0.12,51.18,2.38,3.91,0.27,39.41,4.7,0.02,2.98,0.0,0.0
cocktail_3868,Bee's Knees,https://1ou2cocktails.com/cocktails/bees-knees/,201.39,0.12,64.81,2.67,4.02,0.35,40.4,3.57,0.03,3.97,0.0,0.0
cocktail_3849,Sour Lime et Cannelle,https://1ou2cocktails.com/cocktails/sour-lime-et-cannelle/,201.39,0.12,64.8,2.66,4.03,0.34,40.39,3.57,0.02,3.96,0.0,0.0
cocktail_3843,Gin Tonic Marmelade,https://1ou2cocktails.com/cocktails/gin-tonic-marmelade/,165.26,0.12,59.68,2.29,3.86,0.34,37.99,2.6,0.03,3.97,0.0,0.01
cocktail_3193,Sirop de Cannelle,https://1ou2cocktails.com/cocktails/sirop-de-cannelle/,519.37,0.0,152.57,9.5,3.74,0.01,32.89,7.19,0.0,0.0,0.0,0.0
cocktail_3119,Saison des Sucres,https://1ou2cocktails.com/cocktails/saison-des-sucres/,208.68,0.16,47.31,3.29,5.4,0.36,54.36,5.99,0.03,3.97,0.0,0.01
cocktail_2782,Mocktail gingembre et litchi,https://1ou2cocktails.com/cocktails/mocktail-gingembre-et-litchi/,178.14,0.09,52.45,2.29,3.15,0.27,32.1,3.4,0.02,2.98,0.0,0.0
cocktail_2773,Sour bleuet et gin sans alcool,https://1ou2cocktails.com/cocktails/sour-bleuet-et-gin-sans-alcool/,166.83,0.29,86.47,6.29,9.9,0.8600000000000001,98.58,5.7,0.06999999999999999,9.92,0.0,0.01
cocktail_2764,Café Sambuca et Cremaglace,https://1ou2cocktails.com/cocktails/cafe-sambuca-et-cremaglace/,107.64,2.97,163.48,102.6,17.35,0.06999999999999999,259.69,42.18,0.66,0.8,0.18,0.09
cocktail_1559,Sbagliato,https://1ou2cocktails.com/cocktails/sbagliato/,185.98,0.08,41.53,2.65,3.68,0.02,30.63,8.370000000000001,0.0,0.0,0.0,0.0
cocktail_1555,Garibaldi,https://1ou2cocktails.com/cocktails/garibaldi/,259.45,0.98,242.88,21.88,35.1,2.73,337.09,21.26,0.22,31.76,0.0,0.04
cocktail_1551,Jamaican Santa Mule,https://1ou2cocktails.com/cocktails/jamaican-santa-mule/,240.2,0.18,90.7,3.43,5.79,0.53,58.68000000000001,3.07,0.04,5.95,0.0,0.01
cocktail_1546,Daiquiri de Noël,https://1ou2cocktails.com/cocktails/daiquiri-de-noel/,185.56,0.18,71.4,4.0,6.05,0.53,61.44,4.08,0.04,5.95,0.0,0.01
cocktail_1543,Sirop de Datte,https://1ou2cocktails.com/cocktails/sirop-de-datte/,1558.08,0.0,456.93,11.77,3.74,0.01,37.42,11.72,0.0,0.0,0.0,0.0
cocktail_1539,Americano,https://1ou2cocktails.com/cocktails/americano/,139.47,0.08,79.18,6.69,7.24,0.01,53.58,15.84,0.0,0.0,0.0,0.0
cocktail_4378,Tiki Punch de Noël,https://1ou2cocktails.com/cocktails/tiki-punch-de-noel/,73.65,0.3,66.3,6.11,9.82,0.8500000000000001,97.38,4.64,0.06999999999999999,9.92,0.0,0.02
cocktail_1535,Paloma,https://1ou2cocktails.com/cocktails/paloma/,341.1,0.18,109.69,3.62,5.88,0.51,58.19,4.949999999999999,0.04,5.95,0.0,0.01
cocktail_1528,Ginto au Limoncello,https://1ou2cocktails.com/cocktails/ginto-au-limoncello/,301.17,0.09999999999999999,78.75999999999999,2.05,3.41,0.26,33.95,4.32,0.02,2.98,0.0,0.0
cocktail_1524,Cosmopolitan,https://1ou2cocktails.com/cocktails/cosmopolitan/,294.28,0.17,93.85000000000001,3.07,5.46,0.4500000000000001,54.91999999999999,4.25,0.03,4.96,0.0,0.0
cocktail_1520,Clover Club,https://1ou2cocktails.com/cocktails/clover-club/,344.15,0.06,87.78,1.52,2.1,0.17,21.4,3.96,0.01,1.98,0.0,0.0
cocktail_1515,Rhum Old Fashioned,https://1ou2cocktails.com/cocktails/rhum-old-fashioned/,290.3,0.0,72.0,0.0,0.0,0.02,2.26,1.14,0.0,0.0,0.0,0.0
cocktail_1509,Martini au Litchi,https://1ou2cocktails.com/cocktails/martini-au-litchi/,335.9,0.14,114.46,3.47,5.28,0.36,50.46,5.77,0.03,3.97,0.0,0.01
cocktail_1479,London Mule IPA,https://1ou2cocktails.com/cocktails/london-mule-ipa/,197.64,0.09,58.69,2.1,3.06,0.26,30.9,3.2,0.02,2.98,0.0,0.0
cocktail_1492,Gin d'Automne,https://1ou2cocktails.com/cocktails/gin-dautomne-canneberge-et-cidre/,265.95,0.13,72.42,3.0,4.55,0.35,45.85,5.07,0.03,3.97,0.0,0.01
cocktail_1474,Cocktail KM12 et Lily,https://1ou2cocktails.com/cocktails/cocktail-km12-et-liqueur-lily/,215.72,0.09,61.26000000000001,2.29,3.15,0.27,32.1,3.68,0.02,2.98,0.0,0.0
cocktail_1500,Espresso Martini,https://1ou2cocktails.com/cocktails/espresso-martini/,104.36,0.01,57.8,30.96,7.91,0.76,94.51,2.86,0.16,0.0,0.0,0.0
cocktail_1466,Arnold Palmer,https://1ou2cocktails.com/cocktails/arnold-palmer/,25.59,0.06,43.09,1.4,2.59,0.22,27.42,1.69,0.01,1.98,0.0,0.0
cocktail_1460,Mocktail Matcha & Yuzu,https://1ou2cocktails.com/cocktails/mocktail-matcha-et-yuzu/,47.41,0.09,65.91,2.19,3.91,0.34,41.73999999999999,2.77,0.02,2.98,0.0,0.0
cocktail_1456,Gin Basil Smash,https://1ou2cocktails.com/cocktails/gin-basil-smash/,197.64,0.09,58.69,2.1,3.06,0.26,30.9,3.2,0.02,2.98,0.0,0.0
cocktail_1442,Planter's Punch,https://1ou2cocktails.com/cocktails/planters-punch/,196.28,0.13,78.66,3.74,4.41,0.35,42.25000000000001,3.7,0.03,4.15,0.0,0.01
cocktail_1436,Martini Gin & Fraises,https://1ou2cocktails.com/cocktails/martini-gin-et-fraises/,258.44,0.12,79.84,2.48,3.94,0.35,39.2,3.66,0.03,3.97,0.0,0.0
cocktail_1435,Hurricane,https://1ou2cocktails.com/cocktails/hurricane/,392.58,0.23,131.18,5.35,8.05,0.7100000000000001,83.05,6.01,0.05,7.93,0.0,0.01
cocktail_1418,Blue Hawaïïan,https://1ou2cocktails.com/cocktails/blue-hawaiian/,327.84,1.26,122.66,36.75,10.01,0.63,110.42,23.32,0.07,7.0,0.03,0.04
cocktail_1414,Sangria à la fraise,https://1ou2cocktails.com/cocktails/sangria-a-la-fraise/,132.9,0.23,170.46,13.31,16.25,0.79,175.39,7.43,0.06,7.94,0.0,0.01
cocktail_1400,Paloma Lavande et Sureau,https://1ou2cocktails.com/cocktails/paloma-lavande-et-sureau/,178.8,0.23,80.45,4.96,7.88,0.68,78.38,4.76,0.05,7.93,0.0,0.01
cocktail_1408,Margarita Melon,https://1ou2cocktails.com/cocktails/margarita-melon/,294.38,0.15,74.9,2.95,4.88,0.35,48.91,5.62,0.03,3.97,0.0,0.01
cocktail_1396,Zombie,https://1ou2cocktails.com/cocktails/zombie/,301.91,0.25,123.7,6.22,8.36,0.7100000000000001,82.01,5.94,0.06,8.120000000000001,0.0,0.02
cocktail_1391,Sirop de Miel,https://1ou2cocktails.com/cocktails/sirop-de-miel/,259.69,1.27,116.01,18.56,9.66,0.36,160.57,10.45,0.21,1.81,0.0,0.0
cocktail_1381,Margarita Mexicano-Québécoise,https://1ou2cocktails.com/cocktails/margarita-mexicano-quebecoise/,183.34,0.14,83.6,4.57,5.93,0.34,52.81,7.33,0.03,3.97,0.0,0.01
cocktail_1377,Piña Colada,https://1ou2cocktails.com/cocktails/pina-colada/,197.64,0.41,121.63,8.01,13.5,1.2,134.09,5.73,0.09999999999999999,13.89,0.0,0.02
cocktail_1430,Jungle Bird,https://1ou2cocktails.com/cocktails/jungle-bird/,244.7,0.25,88.62,5.17,8.52,0.6900000000000001,85.60999999999999,5.88,0.05,7.93,0.0,0.01
cocktail_1370,Café Coldbrew au Sucre à la Crème,https://1ou2cocktails.com/cocktails/cafe-coldbrew-au-sucre-a-la-creme/,100.26,4.44,162.69,150.85,19.51,0.06,283.21,60.94,0.47,1.2,0.27,0.13
cocktail_1356,Agua Fresca Hibiscus et Orange,https://1ou2cocktails.com/cocktails/agua-fresca-hibiscus-et-orange/,7.5,0.06,12.23,1.15,1.93,0.17,18.99,0.74,0.01,1.98,0.0,0.0
cocktail_1320,Michelada à la mangue épicée,https://1ou2cocktails.com/cocktails/michelada-a-la-mangue-epicee/,7.5,0.06,12.23,1.14,1.93,0.17,18.99,0.74,0.01,1.98,0.0,0.0
cocktail_1311,Green Goddess,https://1ou2cocktails.com/cocktails/green-goddess/,215.95,0.46,136.94,9.25,15.42,1.36,152.15,6.94,0.11,15.88,0.0,0.02
cocktail_1304,Spritz Framboise Passion,https://1ou2cocktails.com/cocktails/spritz-framboise-passion/,213.15,0.04,29.07,0.81,1.45,0.01,15.17,4.32,0.0,0.0,0.0,0.0
cocktail_1298,French 75,https://1ou2cocktails.com/cocktails/french-75/,118.76,0.06,34.97,1.52,2.1,0.17,21.4,2.27,0.01,1.98,0.0,0.0
cocktail_1292,Madeleine aux fraises,https://1ou2cocktails.com/cocktails/madeleine-aux-fraises/,190.89,0.88,70.18,26.95,5.28,0.28,61.02,17.12,0.03,3.02,0.02,0.02
cocktail_1207,Romeo's X Pamplemousse et Hibiscus,https://1ou2cocktails.com/cocktails/romeos-x-pamplemousse-et-hibiscus/,189.38,0.17,70.78999999999999,4.01,6.04,0.52,60.59,4.5,0.04,5.95,0.0,0.01
cocktail_1116,Mommy's Screwdriver,https://1ou2cocktails.com/cocktails/mommys-screwdriver/,218.33,0.35,115.67,7.25,11.74,1.03,117.09,5.95,0.09,11.91,0.0,0.02
cocktail_1104,Blood Orange Mary,https://1ou2cocktails.com/cocktails/blood-orange-mary-mocktail/,69.88,0.27,60.18,5.53,8.85,0.77,87.88,4.28,0.06,8.93,0.0,0.01
cocktail_1096,Old Fashioned Fumé à l'Érable,https://1ou2cocktails.com/cocktails/old-fashioned-fume-au-rhum-et-a-lerable/,145.15,0.0,36.0,0.0,0.0,0.01,1.13,0.57,0.0,0.0,0.0,0.0
cocktail_1107,Sex On The Beach,https://1ou2cocktails.com/cocktails/sex-on-the-beach/,305.92,0.44,135.38,8.370000000000001,14.57,1.21,144.29,8.280000000000001,0.1,13.89,0.0,0.03
cocktail_1099,Blue Lagoon,https://1ou2cocktails.com/cocktails/blue-lagoon/,324.02,0.15,81.0,3.34,5.05,0.3700000000000001,51.67,6.3,0.03,3.97,0.0,0.01
cocktail_1091,Miami Vice,https://1ou2cocktails.com/cocktails/miami-vice/,264.98,2.45,151.02,72.07000000000001,17.24,1.06,191.08,42.7,0.12,12.02,0.06,0.08
cocktail_1214,Purple Rain,https://1ou2cocktails.com/cocktails/purple-rain/,207.55,0.14,58.3,3.06,4.76,0.36,48.32,4.74,0.02,3.96,0.0,0.0
cocktail_1218,Long Island Iced Tea,https://1ou2cocktails.com/cocktails/long-island-iced-tea/,212.55,1.66,74.12,3.65,6.02,0.34,68.2,27.55,0.02,3.96,0.0,0.0
cocktail_1223,Paloma rhum agricole et cannelle,https://1ou2cocktails.com/cocktails/paloma-rhum-agricole-et-cannelle/,174.97,0.23,81.06,4.96,7.88,0.6900000000000001,79.24,4.34,0.06,7.94,0.0,0.01
cocktail_1345,Unicorn Collins,https://1ou2cocktails.com/cocktails/unicorn-collins/,160.06,0.09,49.88,2.1,3.06,0.26,30.9,2.92,0.02,2.98,0.0,0.0
cocktail_1087,Vin blanc chaud pomme et cannelle,https://1ou2cocktails.com/cocktails/vin-blanc-chaud-pomme-et-cannelle/,0.0,0.0,161.79,13.08,13.45,0.17,155.34,4.61,0.0,0.0,0.0,0.0
cocktail_1083,Cocktail à la crème écossaise et au yogourt à la noix de coco,https://1ou2cocktails.com/cocktails/cocktail-a-la-creme-ecossaise-et-au-yogourt-a-la-noix-de-coco/,97.46,1.22,66.3,36.04,8.620000000000001,0.52,94.97,21.34,0.06,6.01,0.03,0.04
cocktail_1078,Apéritif italien Café et Canneberge,https://1ou2cocktails.com/cocktails/aperitif-italien-cafe-et-kombucha-canneberge/,71.19,0.03,44.37,2.69,4.09,0.01,48.47,5.3,0.16,0.0,0.0,0.0
cocktail_1242,"Cocktail à la tequila, aux agrumes et au prosecco",https://1ou2cocktails.com/cocktails/cocktail-a-la-tequila-aux-agrumes-et-au-prosecco/,114.81,1.99,72.09,5.5,9.45,0.37,130.55,27.05,0.04,5.84,0.0,0.37
cocktail_1075,Sour vodka et framboise,https://1ou2cocktails.com/cocktails/sour-vodka-framboise/,249.34,0.2,79.82000000000001,4.21,6.69,0.53,67.5,5.62,0.04,5.95,0.0,0.01
cocktail_1070,Casse-Grippe au Gin,https://1ou2cocktails.com/cocktails/casse-grippe-au-gin/,225.36,0.0,52.8,0.0,0.0,0.0,0.0,1.7,0.0,0.0,0.0,0.0
cocktail_1246,Tisane Gin & Camomille,https://1ou2cocktails.com/cocktails/tisane-gin-camomille-pour-les-maux-de-gorge/,75.13,0.0,17.61,0.0,0.0,0.0,0.0,0.57,0.0,0.0,0.0,0.0
cocktail_1111,Ponce de gin,https://1ou2cocktails.com/cocktails/ponce-de-gin/,127.68,0.12,50.87,2.29,3.86,0.34,37.99,2.32,0.03,3.97,0.0,0.01
cocktail_3241,Spritz au Pineau des Charentes,https://1ou2cocktails.com/cocktails/spritz-au-pineau-des-charentes/,194.76,0.0,106.85,4.45,4.14,0.05,48.65,2.27,0.0,0.0,0.0,0.0
cocktail_3220,Pineau Tonic,https://1ou2cocktails.com/cocktails/pineau-tonic/,97.37,0.0,28.53,0.21,0.0,0.0,0.43,0.43,0.0,0.0,0.0,0.0
cocktail_3237,Negroni au Pineau des Charentes,https://1ou2cocktails.com/cocktails/negroni-au-pineau-des-charentes/,209.78,0.02,44.2,0.35,0.64,0.0,6.66,2.39,0.0,0.0,0.0,0.0
cocktail_1255,Bee's Knees 3 Lacs,https://1ou2cocktails.com/cocktails/bees-knees-3-lacs/,163.81,0.12,55.99,2.66,4.03,0.34,40.39,3.29,0.02,3.96,0.0,0.0
cocktail_3231,Sour à la cerise,https://1ou2cocktails.com/cocktails/sour-a-la-cerise/,161.06,0.12,67.27,2.61,3.86,0.34,38.63,2.11,0.03,3.97,0.0,0.01
cocktail_1045,High & Honey,https://1ou2cocktails.com/cocktails/high-honey/,222.84,0.13,64.38,3.0,4.55,0.35,46.28,3.94,0.03,3.97,0.0,0.01
cocktail_1039,Gingerbread Cocktail,https://1ou2cocktails.com/cocktails/gingerbread-cocktail/,178.81,0.24,80.47,4.96,7.89,0.68,78.39,4.75,0.06,7.94,0.0,0.02
cocktail_1200,Sbagliato Bitter Sweet,https://1ou2cocktails.com/cocktails/sbagliato-bitter-sweet/,92.99,0.05,106.11,8.41,9.04,0.09,93.82,8.440000000000001,0.0,0.0,0.0,0.0
cocktail_1033,Whisky Cherry,https://1ou2cocktails.com/cocktails/whisky-cherry/,165.78,0.18,69.0,3.82,5.95,0.52,59.81999999999999,3.18,0.04,5.96,0.0,0.0
cocktail_1260,Manhattan,https://1ou2cocktails.com/cocktails/manhatthan/,142.88,0.02,57.58,2.09,1.98,0.0,14.18,4.25,0.0,0.0,0.0,0.0
cocktail_1029,Martini,https://1ou2cocktails.com/cocktails/martini/,150.26,0.01,45.88,1.04,0.99,0.0,6.8,3.26,0.0,0.0,0.0,0.0
cocktail_1264,Thé glacé à la pêche,https://1ou2cocktails.com/cocktails/the-glace-a-la-peche/,214.41,0.0,224.1,0.34,3.4,0.32,44.24,2.81,0.0,0.0,0.0,0.0
cocktail_1024,Gin Melon et Poivre Rose,https://1ou2cocktails.com/cocktails/gin-melon-poivre-rose/,272.74,0.09,76.28,2.1,3.06,0.26,30.9,3.77,0.02,2.98,0.0,0.0
cocktail_1269,Aviation,https://1ou2cocktails.com/cocktails/aviation/,176.02,0.33,48.87,9.430000000000001,3.07,0.17,32.73999999999999,7.33,0.01,1.99,0.01,0.01
cocktail_1275,Whisky Sour,https://1ou2cocktails.com/cocktails/whisky-sour/,212.09,0.12,68.39999999999999,2.86,4.12,0.35,42.17,2.91,0.03,3.97,0.0,0.01
cocktail_1279,Moscow Mule à la Grenade,https://1ou2cocktails.com/cocktails/moscow-mule-a-la-grenade/,320.7,0.23,120.78,4.58,7.71,0.6900000000000001,76.5,4.8,0.05,7.93,0.0,0.01
cocktail_1018,Vodka Cantaloup & Prosecco,https://1ou2cocktails.com/cocktails/vodka-cantaloup-prosecco/,172.11,0.12,60.02,2.86,4.12,0.36,42.13,3.34,0.03,3.97,0.0,0.01
cocktail_1013,Tropikante rhum & melon d'eau,https://1ou2cocktails.com/cocktails/tropikante-rhum-melon-deau/,174.97,0.23,81.05,4.96,7.88,0.6900000000000001,79.22999999999999,4.34,0.05,7.93,0.0,0.01
cocktail_1443,Mai Tai,https://1ou2cocktails.com/cocktails/mai-tai/,239.01,0.09999999999999999,64.52,2.24,3.49,0.27,36.28,3.67,0.02,2.98,0.0,0.0
cocktail_1284,Pisco Sour,https://1ou2cocktails.com/cocktails/pisco-sour/,199.05,0.12,70.22,3.14,4.12,0.35,42.17,3.48,0.03,3.97,0.0,0.01
cocktail_1288,Tom Collins,https://1ou2cocktails.com/cocktails/tom-collins/,289.9,0.09,87.93,2.38,3.06,0.26,31.47,3.49,0.02,2.98,0.0,0.0
cocktail_1009,Moscow Mule,https://1ou2cocktails.com/cocktails/moscow-mule/,335.78,0.06,92.9,1.14,1.93,0.18,19.52,2.87,0.01,1.98,0.0,0.0
cocktail_1002,Café amande et liqueur d'herbe,https://1ou2cocktails.com/cocktails/cafe-amande-et-liqueur-dherbe/,153.05,0.03,100.97,4.510000000000001,8.93,0.08,139.7,5.8,0.62,0.0,0.0,0.0
cocktail_986,Reverse Martinez,https://1ou2cocktails.com/cocktails/reverse-martinez/,56.34,0.02,45.22,3.13,2.98,0.0,20.41,6.81,0.0,0.0,0.0,0.0
cocktail_995,Rose Garden,https://1ou2cocktails.com/cocktails/rose-garden/,69.21000000000001,0.14,64.19,5.99,7.1,0.35,62.01,9.29,0.03,3.97,0.0,0.01
cocktail_1194,Sbagliato Espresso,https://1ou2cocktails.com/cocktails/sbagliato-espresso/,71.19,0.03,44.37,2.69,4.09,0.01,48.47,5.3,0.16,0.0,0.0,0.0
cocktail_974,Chai Whisky Masala,https://1ou2cocktails.com/cocktails/chai-whisky-masala/,158.28,1.23,56.76000000000001,2.66,4.03,0.34,40.81999999999999,397.88,0.02,3.96,0.0,0.0
cocktail_970,Gin-Tonic et Pamplemousse,https://1ou2cocktails.com/cocktails/gin-tonic-pamplemousse/,123.93,0.09,44.75,1.72,2.89,0.26,28.49,1.96,0.02,2.98,0.0,0.0
cocktail_1122,Chartreuse Concombre,https://1ou2cocktails.com/cocktails/chartreuse-concombre/,228.37,0.13,63.61,3.0,4.55,0.35,45.85,4.79,0.03,3.97,0.0,0.01
cocktail_967,Rhubarbe Spritz,https://1ou2cocktails.com/cocktails/rhubarbe-spritz/,177.02,0.04,23.94,0.43,1.28,0.01,12.76,3.36,0.0,0.0,0.0,0.0
cocktail_965,Margarita,https://1ou2cocktails.com/cocktails/margarita-classique/,258.25,0.15,69.77,2.57,4.71,0.35,46.5,4.66,0.03,3.97,0.0,0.01
cocktail_939,Daiquiri,https://1ou2cocktails.com/cocktails/daiquiri-classique/,214.36,0.12,68.17,2.86,4.12,0.36,42.73,3.48,0.03,3.97,0.0,0.01
cocktail_966,Negroni,https://1ou2cocktails.com/cocktails/negroni-classique/,182.41,0.03,49.98,1.78,2.13,0.0,16.58,5.58,0.0,0.0,0.0,0.0
cocktail_938,Aperol Spritz,https://1ou2cocktails.com/cocktails/aperol-spritz-classique/,250.9,0.06,113.88,6.75,7.91,0.09,88.99000000000001,6.52,0.0,0.0,0.0,0.0
cocktail_936,Bloody Caesar,https://1ou2cocktails.com/cocktails/bloody-caesar-classique/,234.69,0.76,196.17,14.88,25.06,2.22,247.63,10.16,0.18,25.79,0.0,0.03
cocktail_937,Bloody Mary,https://1ou2cocktails.com/cocktails/bloody-mary-classique/,234.69,0.76,196.17,14.88,25.06,2.22,247.63,10.16,0.18,25.79,0.0,0.03
cocktail_935,Caipirinha,https://1ou2cocktails.com/cocktails/caipirinha-classique/,181.28,0.0,41.13,0.38,0.17,0.01,3.54,1.53,0.0,0.0,0.0,0.0
cocktail_940,Mojito,https://1ou2cocktails.com/cocktails/mojito-classique/,307.9,0.12,97.22,3.14,4.12,0.36,43.02,3.91,0.03,3.97,0.0,0.01
cocktail_927,Low-Coco,https://1ou2cocktails.com/cocktails/low-coco/,334.23,0.05,88.22,2.43,2.77,0.01,23.81,7.12,0.0,0.0,0.0,0.0
cocktail_925,G&P,https://1ou2cocktails.com/cocktails/gp-gin-prosecco/,75.13,0.0,92.28,6.04,6.21,0.08,71.7,2.7,0.0,0.0,0.0,0.0
cocktail_923,Bramble à l'érable,https://1ou2cocktails.com/cocktails/bramble-a-lerable/,118.4,0.09,45.52,1.72,2.89,0.26,28.92,1.11,0.02,2.98,0.0,0.0
cocktail_1352,Sirop d'Orgeat,https://1ou2cocktails.com/cocktails/sirop-orgeat/,123.49,7.67,207.89,273.76,30.5,0.02,407.17,88.0,0.08,2.97,0.61,0.25
cocktail_851,McIntosh Spritzer,https://1ou2cocktails.com/cocktails/mcintosh-spritzer/,3.75,0.11,55.58,4.0,4.16,0.13,58.91,1.08,0.02,2.12,0.0,0.01
cocktail_847,Punchat,https://1ou2cocktails.com/cocktails/punchat-punch-tequila-campari/,752.63,0.27,208.46,6.96,9.25,0.7100000000000001,95.26,11.66,0.06,7.94,0.0,0.02
cocktail_834,Margarita Melon Jalapeno,https://1ou2cocktails.com/cocktails/margarita-melon-jalapeno/,258.25,0.15,69.77,2.57,4.71,0.35,46.5,4.66,0.03,3.97,0.0,0.01
cocktail_841,Oka Sour,https://1ou2cocktails.com/cocktails/oka-sour/,240.38,0.2,108.05,3.47,5.029999999999999,0.41,55.18000000000001,4.22,0.04,4.08,0.0,0.01
cocktail_839,Fire Negroni,https://1ou2cocktails.com/cocktails/fire-negroni/,165.57,0.05,49.44,2.37,2.83,0.02,22.69,6.59,0.0,0.0,0.0,0.0
cocktail_831,Sangria rouge au Rise kombucha,https://1ou2cocktails.com/cocktails/sangria-rouge-kombucha/,474.07,0.03,577.01,37.27,29.34,0.5,321.91,19.41,0.0,0.0,0.0,0.0
cocktail_821,Sangria blanche à la bière de gingembre,https://1ou2cocktails.com/cocktails/sangria-blanche-a-biere-gingembre/,780.98,1.39,832.67,59.69,79.38,4.49,838.23,33.57,0.34,47.63,0.0,0.07
cocktail_815,Kentucky Spritz,https://1ou2cocktails.com/cocktails/kentucky-spritz/,176.38,0.12,59.34,2.86,4.12,0.35,42.03,2.91,0.03,3.97,0.0,0.01
cocktail_805,Pina Colada POP,https://1ou2cocktails.com/cocktails/pina-colada-pop/,0.0,0.0,0.0,0.0,0.0,0.0,0.0,0.0,0.0,0.0,0.0,0.0
cocktail_1162,Terrazza Tonic,https://1ou2cocktails.com/cocktails/terrazza-tonic/,139.46,0.04,15.14,0.42,1.28,0.0,12.76,3.08,0.0,0.0,0.0,0.0
cocktail_799,L'Abricotier,https://1ou2cocktails.com/cocktails/labricotier/,156.34,0.18,91.91,8.049999999999999,5.09,0.18,86.03999999999999,3.5,0.02,11.96,0.0,0.18
cocktail_1062,Kampaï!,https://1ou2cocktails.com/cocktails/kampai/,178.17,0.09,94.88,2.38,4.0,0.35,42.94,4.1,0.02,2.98,0.0,0.0
cocktail_794,Aperol Pamplemousse,https://1ou2cocktails.com/cocktails/aperol-pamplemousse/,172.55,0.16,42.17,2.9,5.23,0.35,51.95,5.04,0.02,3.96,0.0,0.0
cocktail_782,Royal Flip,https://1ou2cocktails.com/cocktails/royal-flip/,189.76,0.01,37.34,0.52,0.6,0.0,7.09,1.99,0.0,0.0,0.0,0.0
cocktail_1178,Purple Head,https://1ou2cocktails.com/cocktails/4246/,198.69,0.13,66.65,2.43,4.29,0.35,42.95,3.07,0.03,3.97,0.0,0.01
cocktail_768,Mornin' Sunshine,https://1ou2cocktails.com/cocktails/mornin-sunshine/,212.08,0.14,66.6,3.18,5.31,0.36,58.13,4.52,0.08,3.97,0.0,0.0
cocktail_918,Pink Nashi,https://1ou2cocktails.com/cocktails/pink-nashi/,160.06,0.09999999999999999,60.55,3.14,4.050000000000001,0.26,37.7,5.05,0.02,2.98,0.0,0.0
cocktail_763,Poiré Amore,https://1ou2cocktails.com/cocktails/poire-amore/,187.1,0.24,95.15,6.19,8.96,0.7000000000000001,86.92,6.95,0.06,7.94,0.0,0.01
cocktail_754,Bellini à la Pêche,https://1ou2cocktails.com/cocktails/milord-bellini/,56.34,0.61,138.11,10.19,12.56,0.12,193.6,2.56,0.02,3.74,0.0,0.72
cocktail_1053,Sequito,https://1ou2cocktails.com/cocktails/sequito/,227.04,0.19,80.35,3.88,6.17,0.52,62.65,4.25,0.04,5.95,0.0,0.01
cocktail_747,La Equidad,https://1ou2cocktails.com/cocktails/la-equidad/,153.62,0.06,111.87,5.78,7.369999999999999,0.24,89.17999999999999,3.11,0.11,1.98,0.0,0.0
cocktail_869,Early Grail,https://1ou2cocktails.com/cocktails/early-grail/,69.77000000000001,0.02,138.83,6.36,7.98,0.19,92.54,4.609999999999999,0.0,0.0,0.0,0.0
cocktail_882,Noir Eggnog,https://1ou2cocktails.com/cocktails/noir-eggnog/,265.67,2.96,111.38,100.64,12.7,0.11,167.84,35.62,0.04,2.1,0.23,0.09
cocktail_1126,Sour Calvados et Menthe,https://1ou2cocktails.com/cocktails/sour-calvados-menthe/,186.27,0.19,70.65,4.13,6.39,0.51,63.99,4.55,0.04,5.95,0.0,0.01
cocktail_673,La Petite Laine,https://1ou2cocktails.com/cocktails/la-petite-laine/,139.95,0.12,37.49,2.0,3.74,0.27,37.14,3.17,0.02,2.98,0.0,0.0
cocktail_3259,Sirop à la citrouille épicée,https://1ou2cocktails.com/cocktails/sirop-a-la-citrouille-epicee/,3565.25,0.45,770.97,25.82,21.09,0.13,206.39,51.8,0.0,0.0,0.0,0.0
cocktail_1447,Pumpkin Spice Cocktail,https://1ou2cocktails.com/cocktails/pumpkin-spice-cocktail/,209.07,0.79,48.99,25.6,2.64,0.03,36.29,17.29,0.01,0.04,0.02,0.02
cocktail_1183,Le Carrie,https://1ou2cocktails.com/cocktails/le-carrie/,205.59,0.06999999999999999,57.43,1.61,2.45,0.18,25.08,2.81,0.01,1.98,0.0,0.0
cocktail_670,Amaretto Sour II,https://1ou2cocktails.com/cocktails/amaretto-sour-ii/,225.91,0.16,57.73,2.72,5.14,0.35,51.03,4.55,0.03,3.97,0.0,0.01
cocktail_735,L'Équinoxe,https://1ou2cocktails.com/cocktails/lequinoxe/,192.2,0.02,36.43,0.65,0.95,0.0,10.06,2.89,0.0,0.0,0.0,0.0
cocktail_664,Frosé,https://1ou2cocktails.com/cocktails/frose/,165.28,0.03,182.14,14.13,14.64,0.19,168.67,8.59,0.0,0.0,0.0,0.0
cocktail_651,Doux Réveil,https://1ou2cocktails.com/cocktails/doux-reveil/,96.67,1.93,46.2,26.08,2.88,0.02,44.98999999999999,410.1,0.01,2.53,0.02,0.06
cocktail_741,Matcha Amande,https://1ou2cocktails.com/cocktails/matcha-amande/,123.37,3.85,108.95,132.89,14.02,0.0,194.62,43.04,0.04,1.49,0.31,0.12
cocktail_645,Le Mama Rula,https://1ou2cocktails.com/cocktails/le-mama-rula/,164.75,0.88,61.73,26.55,5.19,0.27,59.73999999999999,16.21,0.03,3.02,0.02,0.02
cocktail_639,Le St-Germain Cocktail,https://1ou2cocktails.com/cocktails/st-germain-cocktail/,269.31,0.04,102.97,4.74,5.42,0.06,61.13,5.07,0.0,0.0,0.0,0.0
cocktail_618,Le Yang,https://1ou2cocktails.com/cocktails/le-yang/,163.84,0.12,98.42999999999999,2.76,4.88,0.42,51.24000000000001,3.98,0.03,3.97,0.0,0.01
cocktail_623,Montreal Cocktail,https://1ou2cocktails.com/cocktails/montreal-cocktail/,332.55,0.06,55.91,0.56,1.7,0.02,17.3,4.69,0.0,0.0,0.0,0.0
cocktail_610,Del Café,https://1ou2cocktails.com/cocktails/del-cafe/,97.27,0.09999999999999999,77.04,4.37,8.06,0.29,109.56,4.44,0.39,2.98,0.0,0.0
cocktail_579,Ramos in Time,https://1ou2cocktails.com/cocktails/ramos-in-time/,299.59,0.92,100.03,27.08,6.42,0.35,71.14999999999999,17.93,0.03,4.0,0.02,0.02
cocktail_593,Peach Spritz,https://1ou2cocktails.com/cocktails/peach-spritz/,18.7,0.98,110.29,24.44,11.35,0.1,170.15,11.19,0.02,2.84,0.01,0.55
cocktail_605,Gatsby Sour,https://1ou2cocktails.com/cocktails/gatsby-sour/,154.03,0.12,57.45,2.67,4.03,0.35,40.93000000000001,2.86,0.03,3.97,0.0,0.01
cocktail_599,Pink Paloma,https://1ou2cocktails.com/cocktails/pink-paloma/,90.13,0.12,42.08,2.29,3.86,0.34,37.99,2.04,0.03,3.97,0.0,0.01
cocktail_570,Salty Saver,https://1ou2cocktails.com/cocktails/salty-saver/,312.02,0.2,57.32,3.34,6.51,0.36,64.72,8.11,0.03,3.97,0.0,0.01
cocktail_1192,Jasmine Fizz,https://1ou2cocktails.com/cocktails/jasmine-fizz/,0.05,0.0,159.55,6.21,7.91,0.24,93.39,3.53,0.0,0.0,0.0,0.0
cocktail_678,Café Crème,https://1ou2cocktails.com/cocktails/cafe-creme/,39.54000000000001,0.0,53.65,2.51,4.74,0.03,76.82000000000001,2.3,0.37,0.0,0.0,0.0
cocktail_547,Mango-Colada,https://1ou2cocktails.com/cocktails/mango-colada/,187.48,1.75,94.91,52.33,10.04,0.54,114.81,30.92,0.06999999999999999,6.04,0.04,0.05
cocktail_1188,Coco-Choco,https://1ou2cocktails.com/cocktails/coco-choco/,179.86,7.67,220.76,265.36,26.76,0.02,377.06,83.29,0.08,2.97,0.61,0.25
cocktail_775,Val-en-thym,https://1ou2cocktails.com/cocktails/val-en-thym/,168.99,0.09999999999999999,46.13,2.24,3.49,0.26,35.15,3.67,0.02,2.98,0.0,0.0
cocktail_1131,French 75 au Cognac,https://1ou2cocktails.com/cocktails/french-75-au-cognac/,183.1,0.1,32.5,1.95,3.38,0.18,34.16,4.78,0.01,1.98,0.0,0.0
cocktail_251,Boulevardier,https://1ou2cocktails.com/cocktails/boulevardier/,307.29,0.05,85.78,2.37,2.83,0.01,22.98,6.31,0.0,0.0,0.0,0.0
cocktail_688,Bulles de Sureau,https://1ou2cocktails.com/cocktails/bulles-de-sureau/,77.23,0.08,19.8,1.35,2.57,0.17,25.37,2.28,0.01,1.98,0.0,0.0
cocktail_1136,Martini Canneberge et Romarin,https://1ou2cocktails.com/cocktails/oh-canada/,180.85,0.06999999999999999,65.17,2.56,3.09,0.19,28.9,4.39,0.01,1.98,0.0,0.0
cocktail_695,L'Oranger,https://1ou2cocktails.com/cocktails/le-chateau/,211.74,0.13,64.72999999999999,2.43,4.29,0.34,42.24,3.64,0.03,3.97,0.0,0.01
cocktail_702,Le Décembre,https://1ou2cocktails.com/cocktails/le-decembre/,29.99,0.29,128.37,11.09,10.37,0.7000000000000001,160.77,6.51,0.06,16.7,0.0,0.01
cocktail_170,Martini à la Poire,https://1ou2cocktails.com/cocktails/martini-la-poire/,321.8,0.18,133.86,6.989999999999999,5.31,0.29,80.78999999999999,3.92,0.03,10.46,0.0,0.13
cocktail_261,Le Tchaga,https://1ou2cocktails.com/cocktails/le-tchaga/,343.3,0.01,75.98,0.14,0.43,0.0,4.53,2.73,0.0,0.0,0.0,0.0
cocktail_186,Le Barbelé,https://1ou2cocktails.com/cocktails/le-barbele/,161.6,0.03,28.66,0.28,0.85,0.02,8.86,2.34,0.0,0.0,0.0,0.0
cocktail_136,Suffering Bastard,https://1ou2cocktails.com/cocktails/whisky-co/,269.14,0.12,83.45,2.67,4.03,0.34,40.96000000000001,3.0,0.03,3.97,0.0,0.01
cocktail_140,Ginger Crush,https://1ou2cocktails.com/cocktails/ginger-crush/,156.23,0.09,50.48,2.1,3.06,0.27,31.75,2.5,0.02,2.98,0.0,0.0
cocktail_205,Bourbonade à la menthe,https://1ou2cocktails.com/cocktails/bourbonade-menthole/,321.89,0.0,77.58999999999999,0.38,0.17,0.0,3.55,0.96,0.0,0.0,0.0,0.0
cocktail_555,Maple Capp,https://1ou2cocktails.com/cocktails/maple-capp/,45.22,1.05,131.72,37.48,13.27,0.09,208.09,21.91,0.85,0.06,0.03,0.03
cocktail_269,Sangria Classique,https://1ou2cocktails.com/cocktails/sangria-classique/,169.59,0.25,315.1,27.7,29.65,0.9,356.55,11.61,0.06999999999999999,33.46,0.0,0.01
cocktail_144,Tiki-Mojito,https://1ou2cocktails.com/cocktails/le-tiki-mojito/,138.18,0.2,47.92,5.54,5.03,0.32,59.46,3.12,0.03,11.61,0.0,0.06
cocktail_131,Cherry Float,https://1ou2cocktails.com/cocktails/cherry-float/,75.19,0.03,24.24,0.57,0.96,0.09,9.78,0.37,0.01,0.99,0.0,0.0
cocktail_1167,Sangria à la bière,https://1ou2cocktails.com/cocktails/sangria-a-la-biere/,187.48,0.19,74.36,3.72,6.22,0.51,61.72,3.52,0.04,5.95,0.0,0.01
cocktail_111,Sour Żubrówka et lavande,https://1ou2cocktails.com/cocktails/le-zubrowka/,275.01,0.12,87.87,2.86,4.12,0.3700000000000001,42.66,3.77,0.03,3.97,0.0,0.01
cocktail_122,Le David,https://1ou2cocktails.com/?post_type=cocktail&p=122,0.0,0.0,0.0,0.0,0.0,0.0,0.0,0.0,0.0,0.0,0.0,0.0
cocktail_279,Mimosa à la mangue,https://1ou2cocktails.com/cocktails/mangue-mosa/,76.47,0.24,53.97,4.72,8.14,0.68,80.23,3.98,0.06,7.94,0.0,0.01
cocktail_290,Rhum Marin,https://1ou2cocktails.com/cocktails/le-rhum-marin/,322.81,0.19,100.87,3.95,6.39,0.53,65.34,5.06,0.04,5.95,0.0,0.01
cocktail_101,Piña de Caña,https://1ou2cocktails.com/cocktails/pina-de-cana/,163.73,0.15,62.71,3.24,4.99,0.4400000000000001,50.73999999999999,3.24,0.03,4.96,0.0,0.0
cocktail_89,Sangria FruiTHÉe,https://1ou2cocktails.com/cocktails/sangria-fruithee/,0.0,0.0,0.0,0.0,0.0,0.0,0.0,0.0,0.0,0.0,0.0,0.0
cocktail_301,Mojito Framboise et Mangue,https://1ou2cocktails.com/cocktails/el-manguitos/,280.08,0.21,101.95,4.39,6.92,0.6200000000000001,70.59,4.4,0.05,6.95,0.0,0.01
cocktail_309,Tropicoco,https://1ou2cocktails.com/cocktails/tropicoco/,129.21,0.71,77.57,14.39,18.34,0.89,165.55,9.690000000000001,0.08,25.35,0.0,0.24
cocktail_316,La Petite Fraîche,https://1ou2cocktails.com/cocktails/la-petite-fraiche/,150.28,0.09,51.33000000000001,2.1,3.06,0.27,31.43,2.5,0.02,2.98,0.0,0.0
cocktail_327,Le National,https://1ou2cocktails.com/cocktails/le-national/,146.53,0.06,45.21,1.52,2.1,0.18,21.93,2.13,0.01,1.98,0.0,0.0
cocktail_341,Bloody-Mosa,https://1ou2cocktails.com/cocktails/bloody-mosa/,99.69,0.51,99.97000000000001,12.56,15.06,1.19,135.79,90.95,0.09999999999999999,14.05,0.01,0.39
cocktail_343,Le Frais,https://1ou2cocktails.com/cocktails/le-frais/,177.02,0.04,23.94,0.43,1.28,0.01,12.76,3.36,0.0,0.0,0.0,0.0
cocktail_353,Gin Bees,https://1ou2cocktails.com/cocktails/gin-bees/,148.81,0.0,31.53,0.38,0.17,0.0,2.41,1.81,0.0,0.0,0.0,0.0
cocktail_1329,Tikibécois,https://1ou2cocktails.com/cocktails/tikibecois/,156.23,0.09,50.48,2.1,3.06,0.27,31.75,2.5,0.02,2.98,0.0,0.0
cocktail_359,Le Fresca,https://1ou2cocktails.com/cocktails/le-fresca/,252.32,0.26,84.33,5.430000000000001,8.82,0.7000000000000001,88.10000000000001,7.02,0.06,7.94,0.0,0.01
cocktail_1145,Bellini aux framboises,https://1ou2cocktails.com/cocktails/bellini-love/,0.0,0.27,11.97,9.3,4.44,0.11,60.79,1.53,0.02,20.96,0.0,0.15
cocktail_894,Café Gibou,https://1ou2cocktails.com/cocktails/cafe-gibou/,125.31,1.57,266.61,58.65,25.12,0.18,397.39,34.4,1.69,0.09,0.04,0.04
cocktail_890,Bulles Orange et Chai,https://1ou2cocktails.com/cocktails/bulles-teinthees/,64.56,0.01,7.609999999999999,0.33,0.52,0.0,5.46,1.51,0.0,0.0,0.0,0.0
cocktail_878,Sangria de Noël,https://1ou2cocktails.com/cocktails/sangria-de-noel/,48.06,0.25,314.38,25.58,25.39,0.9,282.31,12.7,0.06,7.94,0.0,0.01
cocktail_707,Coupe glacée alcoolisée,https://1ou2cocktails.com/cocktails/lauras-secret/,9.36,0.26,5.2,8.15,0.71,0.0,9.5,4.71,0.0,0.01,0.01,0.01
cocktail_657,Bulles épicées,https://1ou2cocktails.com/cocktails/poppin-clubbin/,0.0,0.0,0.0,0.0,0.0,0.0,0.0,0.0,0.0,0.0,0.0,0.0
cocktail_365,Bourbon d’Automne,https://1ou2cocktails.com/cocktails/bourbon-dautomne/,265.43,0.12,83.94,2.67,4.03,0.34,41.26000000000001,2.43,0.03,3.97,0.0,0.01
cocktail_375,Mojito Cognac et Gingembre,https://1ou2cocktails.com/cocktails/mojito-with-a-twist/,326.32,0.17,53.76000000000001,2.96,5.62,0.28,56.42,8.23,0.02,2.98,0.0,0.0
cocktail_85,El Grito,https://1ou2cocktails.com/cocktails/el-grito/,298.13,0.18,81.01,3.52,5.84,0.4400000000000001,58.39999999999999,6.0,0.03,4.96,0.0,0.0
cocktail_384,Le Rapala,https://1ou2cocktails.com/cocktails/le-rapala/,207.53,0.21,83.95,4.39,6.92,0.6100000000000001,70.02000000000001,4.109999999999999,0.05,6.95,0.0,0.01
cocktail_388,Le Chambly,https://1ou2cocktails.com/?post_type=cocktail&p=388,0.0,0.0,0.0,0.0,0.0,0.0,0.0,0.0,0.0,0.0,0.0,0.0
cocktail_395,L'incognito,https://1ou2cocktails.com/cocktails/incognito/,184.65,0.09,145.5,2.27,4.76,0.4400000000000001,53.29,4.03,0.02,2.98,0.0,0.0
cocktail_399,Café des Bois,https://1ou2cocktails.com/cocktails/cafe-des-bois/,81.19,0.0,156.75,6.1,13.04,0.1,212.9,3.83,1.03,0.0,0.0,0.0
cocktail_404,Le Zen,https://1ou2cocktails.com/cocktails/le-zen/,181.89,0.12,58.57,2.86,4.12,0.35,41.6,3.76,0.03,3.97,0.0,0.01
cocktail_409,La Brochette Infernale,https://1ou2cocktails.com/cocktails/la-brochette-infernale/,125.91,0.15,57.76000000000001,2.86,4.82,0.43,47.9,1.85,0.03,4.96,0.0,0.0
cocktail_414,Sangria-Nanas,https://1ou2cocktails.com/cocktails/sangria-nanas/,324.8,0.35,450.85,32.03,37.44,1.34,413.12,15.19,0.09,11.91,0.0,0.02
cocktail_418,Le Prince-Édouard,https://1ou2cocktails.com/cocktails/le-prince-edouard/,139.25,0.09999999999999999,44.57,2.17,3.27,0.27,33.38,2.86,0.02,2.98,0.0,0.0
cocktail_1152,Sour gin gingembre et lilas,https://1ou2cocktails.com/cocktails/sour-gin-gingembre-lilas/,160.06,0.09999999999999999,60.55,3.14,4.050000000000001,0.26,37.7,5.05,0.02,2.98,0.0,0.0
cocktail_422,Sangria Rosée,https://1ou2cocktails.com/cocktails/sangria-rosee/,232.96,0.0,376.95,25.55,25.87,0.32,299.94,9.85,0.0,0.0,0.0,0.0
cocktail_436,Il Basilico,https://1ou2cocktails.com/cocktails/il-basilico/,351.65,0.12,100.02,2.67,4.03,0.34,40.40000000000001,4.69,0.03,3.97,0.0,0.01
cocktail_224,Stinger,https://1ou2cocktails.com/cocktails/stinger/,148.55,0.52,48.44,16.58,1.42,0.01,19.55,9.99,0.01,0.03,0.01,0.01
cocktail_230,Old Fashioned,https://1ou2cocktails.com/cocktails/old-fashioned/,285.76,0.0,72.46,0.0,0.0,0.0,1.14,0.0,0.0,0.0,0.0,0.0
cocktail_239,Negroni,https://1ou2cocktails.com/?post_type=cocktail&p=239,0.0,0.0,0.0,0.0,0.0,0.0,0.0,0.0,0.0,0.0,0.0,0.0
cocktail_717,Bulles Cognac et Citron,https://1ou2cocktails.com/cocktails/bulles-citronnees/,90.48,0.06,33.82,1.47,2.02,0.17,20.48,1.5,0.01,1.98,0.0,0.0
cocktail_443,Digestif Hivernal Tequila et Tia Maria,https://1ou2cocktails.com/cocktails/digestif-hivernal/,102.89,1.92,82.15,66.95,7.99,0.01,115.38,21.69,0.12,0.74,0.15,0.06
cocktail_855,Punch des Fêtes,https://1ou2cocktails.com/cocktails/punch-des-fetes/,820.09,0.23,232.15,6.54,8.39,0.7000000000000001,86.47,11.03,0.06,7.94,0.0,0.01
cocktail_447,Cocktail de petits fruits,https://1ou2cocktails.com/cocktails/cocktail-de-petits-fruits/,265.1,0.15,70.11,3.14,4.97,0.3700000000000001,50.64,5.4,0.03,3.97,0.0,0.01
cocktail_981,Martini au Jus d’Huître,https://1ou2cocktails.com/cocktails/martini-au-jus-dhuitre/,274.42,0.01,84.95,1.04,0.99,0.02,8.219999999999999,3.27,0.0,0.0,0.0,0.0
cocktail_216,Cocktail à la Poire IKEA,https://1ou2cocktails.com/cocktails/drink-ikea/,184.6,0.09,60.62,2.1,3.06,0.28,31.6,2.63,0.02,2.98,0.0,0.0
cocktail_77,Rhum Chic Choc aux fruits rouges,https://1ou2cocktails.com/cocktails/rhum-chic-choc/,348.92,0.48,137.78,15.16,10.74,0.65,125.44,5.16,0.06,30.61,0.0,0.2
cocktail_825,Limonade Vodka et Basilic,https://1ou2cocktails.com/cocktails/limonade-vodka-basilic/,172.11,0.12,60.02,2.86,4.12,0.36,42.13,3.34,0.03,3.97,0.0,0.01
cocktail_911,Gin pamplemousse,https://1ou2cocktails.com/cocktails/gin-pamplemousse/,291.48,0.23,106.86,4.96,7.88,0.68,78.39,5.61,0.06,7.94,0.0,0.01
cocktail_454,Margarita à la mûre,https://1ou2cocktails.com/cocktails/margarita-mure/,216.89,0.11,54.83,2.0,3.75,0.26,36.98999999999999,4.02,0.02,2.98,0.0,0.0
cocktail_74,Limonade melon sans alcool,https://1ou2cocktails.com/cocktails/limonade-melon-funky/,102.28,0.23,59.19,5.35,8.05,0.6900000000000001,80.80000000000001,4.87,0.06,7.94,0.0,0.01
cocktail_463,Rhum Tropical,https://1ou2cocktails.com/cocktails/rhum-tropical/,269.01,0.33,113.45,6.819999999999999,11.2,0.9600000000000001,112.27,6.61,0.08,10.92,0.0,0.01
cocktail_469,Sangria à la pêche,https://1ou2cocktails.com/cocktails/sangria-la-peche/,256.07,0.34,184.77,12.67,17.32,1.02,181.63,8.82,0.08,10.92,0.0,0.01
cocktail_67,Rhum mangue et gingembre,https://1ou2cocktails.com/cocktails/rhum-mangue-gingembre/,268.83,0.35,83.6,9.93,8.14,0.45,99.93,5.5,0.05,21.24,0.0,0.14
cocktail_1156,Sour Cognac et Mangue,https://1ou2cocktails.com/cocktails/sour-cognac-mangue/,235.32,0.19,107.0,5.08,6.87,0.51,65.85,5.68,0.04,5.95,0.0,0.01
cocktail_479,Tom Hendrick’s Collins,https://1ou2cocktails.com/cocktails/tom-hendricks-collins/,369.73,0.12,102.59,2.86,4.12,0.35,41.6,5.17,0.03,3.97,0.0,0.01
cocktail_62,Collins Érable et Tonic,https://1ou2cocktails.com/cocktails/collins-erable-et-tonic/,322.97,0.13,87.44,2.81,4.46,0.34,44.65000000000001,5.16,0.03,3.97,0.0,0.01
cocktail_485,Vodka Campari,https://1ou2cocktails.com/cocktails/vodka-campari/,198.7,0.13,66.65,2.43,4.29,0.36,42.94,3.06,0.03,3.97,0.0,0.01
cocktail_163,Gin Tonic ¾ oz,https://1ou2cocktails.com/?post_type=cocktail&p=163,93.92,0.01,41.25,1.39,0.0,0.0,0.75,1.93,0.0,0.0,0.0,0.0
cocktail_489,Cidre de glace Tonic,https://1ou2cocktails.com/cocktails/cidre-tonic/,0.0,0.08,105.92,8.68,3.54,0.02,113.06,4.76,0.0,11.68,0.0,0.0
cocktail_495,Vin chaud aux épices,https://1ou2cocktails.com/cocktails/vin-chaud-aux-epices/,7.5,0.06,174.04,14.75,15.61,0.34,176.24,5.66,0.01,1.98,0.0,0.0
cocktail_723,Bulle Rosée au Campari,https://1ou2cocktails.com/cocktails/bulles-rosees/,46.52,0.02,5.04,0.14,0.42,0.0,4.26,1.02,0.0,0.0,0.0,0.0
cocktail_1486,Gin Royal,https://1ou2cocktails.com/cocktails/gin-royal/,234.72,0.26,58.0,8.15,0.71,0.0,9.5,6.41,0.0,0.01,0.01,0.01
cocktail_501,Digestif Amaretto et Cognac,https://1ou2cocktails.com/cocktails/amaleche/,231.84,1.02,55.03,33.8,5.05,0.02,64.22,14.64,0.01,0.37,0.08,0.03
cocktail_160,Cosmopolitan,https://1ou2cocktails.com/?post_type=cocktail&p=160,145.08,0.24,72.53,4.720000000000001,8.14,0.6900000000000001,80.57,4.26,0.05,7.93,0.0,0.01
cocktail_151,Mimosa au cidre mousseux,https://1ou2cocktails.com/cocktails/mimosa-de-cidre/,0.0,0.0,0.0,0.0,0.0,0.0,0.0,0.0,0.0,0.0,0.0,0.0
cocktail_506,Punchkin Bière noire et Cava,https://1ou2cocktails.com/cocktails/punchkin/,145.16,0.49,302.91,20.92,24.28,0.19,207.51,18.32,0.03,0.0,0.0,0.0
cocktail_513,Martini aux petits fruits,https://1ou2cocktails.com/cocktails/martini-1-ou-2-fantaisies/,216.9,0.19,82.35,4.04,6.31,0.51,63.0,4.28,0.04,5.95,0.0,0.01
cocktail_244,Hot Shot,https://1ou2cocktails.com/cocktails/cocktailshot-shot/,140.92,0.04,35.93,1.33,3.24,0.01,44.65,3.65,0.16,0.0,0.0,0.0
cocktail_517,Martini Vanille,https://1ou2cocktails.com/cocktails/martini-vanille/,287.69,0.19,100.05,3.88,6.17,0.53,62.58,4.54,0.04,5.95,0.0,0.01
cocktail_522,Bloody Caesar à la téquila,https://1ou2cocktails.com/cocktails/tequila-caesar/,279.23,0.49,145.07,12.62,15.13,1.19,141.47,55.71,0.09999999999999999,13.89,0.0,0.05
cocktail_528,Gin du jardin,https://1ou2cocktails.com/cocktails/gin-du-jardin/,287.74,0.21,100.75,4.39,6.92,0.6000000000000001,68.89,5.24,0.05,6.95,0.0,0.01
cocktail_531,Café Dulce,https://1ou2cocktails.com/cocktails/cafe-dulce/,252.83,1.98,131.45,69.72,13.78,0.06,198.6,27.36,0.43,0.74,0.15,0.06
cocktail_537,Sangria Blanche au Soho (au verre),https://1ou2cocktails.com/cocktails/sangria-blanche-au-soho/,76.51,0.25,203.3,16.8,20.55,0.8400000000000001,223.63,8.23,0.05,7.93,0.0,0.01
cocktail_541,Cosmo Blanco,https://1ou2cocktails.com/cocktails/cosmo-blanco/,310.91,0.19,102.57,3.95,6.39,0.53,64.7,5.06,0.04,5.95,0.0,0.01
