Category,Nutrient,Target population,Age,Gender,AI,AR,PRI,RI,UL,Safe and adequate intake
Energy,Energy,Infants,6 months,Male,NA ,2.5 MJ/day,NA. ,NA ,NA ,
Energy,Energy,Infants,7 months,Male,NA ,2.7 MJ/day,NA. ,NA ,NA ,
Energy,Energy,Infants,8 months,Male,NA ,2.8 MJ/day,NA. ,NA ,NA ,
Energy,Energy,Infants,9 months,Male,NA ,2.9 MJ/day,NA. ,NA ,NA ,
Energy,Energy,Infants,10 months,Male,NA ,3.0 MJ/day,NA. ,NA ,NA ,
Energy,Energy,Infants,11 months,Male,NA ,3.1 MJ/day,NA. ,NA ,NA ,
Energy,Energy,Infants,6 months,Female,NA ,2.3 MJ/day,NA. ,NA ,NA ,
Energy,Energy,Infants,7 months,Female,NA ,2.4 MJ/day,NA. ,NA ,NA ,
Energy,Energy,Infants,8 months,Female,NA ,2.5 MJ/day,NA. ,NA ,NA ,
Energy,Energy,Infants,9 months,Female,NA ,2.6 MJ/day,NA. ,NA ,NA ,
Energy,Energy,Infants,10 months,Female,NA ,2.7 MJ/day,NA. ,NA ,NA ,
Energy,Energy,Infants,11 months,Female,NA ,2.8 MJ/day,NA. ,NA ,NA ,
Energy,Energy,Children,1 year PAL=1.4,Male,NA ,3.3 MJ/day,NA. ,NA ,NA ,
Energy,Energy,Children,2 years PAL=1.4,Male,NA ,4.3 MJ/day,NA. ,NA ,NA ,
Energy,Energy,Children,3 years PAL=1.4,Male,NA ,4.9 MJ/day,NA. ,NA ,NA ,
Energy,Energy,Children,4 years PAL=1.4,Male,NA ,5.3 MJ/day,NA. ,NA ,NA ,
Energy,Energy,Children,4 years PAL=1.6,Male,NA ,6 MJ/day,NA. ,NA ,NA ,
Energy,Energy,Children,4 years PAL=1.8,Male,NA ,6.8 MJ/day,NA. ,NA ,NA ,
Energy,Energy,Children,5 years PAL=1.4,Male,NA ,5.6 MJ/day,NA. ,NA ,NA ,
Energy,Energy,Children,5 years PAL=1.6,Male,NA ,6.4 MJ/day,NA. ,NA ,NA ,
Energy,Energy,Children,5 years PAL=1.8,Male,NA ,7.2 MJ/day,NA. ,NA ,NA ,
Energy,Energy,Children,6 years PAL=1.4,Male,NA ,5.9 MJ/day,NA. ,NA ,NA ,
Energy,Energy,Children,6 years PAL=1.6,Male,NA ,6.7 MJ/day,NA. ,NA ,NA ,
Energy,Energy,Children,6 years PAL=1.8,Male,NA ,7.6 MJ/day,NA. ,NA ,NA ,
Energy,Energy,Children,7 years PAL=1.4,Male,NA ,6.3 MJ/day,NA. ,NA ,NA ,
Energy,Energy,Children,7 years PAL=1.6,Male,NA ,7.2 MJ/day,NA. ,NA ,NA ,
Energy,Energy,Children,7 years PAL=1.8,Male,NA ,8.1 MJ/day,NA. ,NA ,NA ,
Energy,Energy,Children,8 years PAL=1.4,Male,NA ,6.7 MJ/day,NA. ,NA ,NA ,
Energy,Energy,Children,8 years PAL=1.6,Male,NA ,7.6 MJ/day,NA. ,NA ,NA ,
Energy,Energy,Children,8 years PAL=1.8,Male,NA ,8.6 MJ/day,NA. ,NA ,NA ,
Energy,Energy,Children,9 years PAL=1.4,Male,NA ,7 MJ/day,NA. ,NA ,NA ,
Energy,Energy,Children,9 years PAL=1.6,Male,NA ,8.1 MJ/day,NA. ,NA ,NA ,
Energy,Energy,Children,9 years PAL=1.8,Male,NA ,9.1 MJ/day,NA. ,NA ,NA ,
Energy,Energy,Children,10 years PAL=1.6,Male,NA ,8.1 MJ/day,NA. ,NA ,NA ,
Energy,Energy,Children,10 years PAL=1.8,Male,NA ,9.1 MJ/day,NA. ,NA ,NA ,
Energy,Energy,Children,10 years PAL=2.0,Male,NA ,10.1 MJ/day,NA. ,NA ,NA ,
Energy,Energy,Children,11 years PAL=1.6,Male,NA ,8.5 MJ/day,NA. ,NA ,NA ,
Energy,Energy,Children,11 years PAL=1.8,Male,NA ,9.6 MJ/day,NA. ,NA ,NA ,
Energy,Energy,Children,11 years PAL=2.0,Male,NA ,10.7 MJ/day,NA. ,NA ,NA ,
Energy,Energy,Children,12 years PAL=1.6,Male,NA ,9.1 MJ/day,NA. ,NA ,NA ,
Energy,Energy,Children,12 years PAL=1.8,Male,NA ,10.2 MJ/day,NA. ,NA ,NA ,
Energy,Energy,Children,12 years PAL=2.0,Male,NA ,11.4 MJ/day,NA. ,NA ,NA ,
Energy,Energy,Children,13 years PAL=1.6,Male,NA ,9.8 MJ/day,NA. ,NA ,NA ,
Energy,Energy,Children,13 years PAL=1.8,Male,NA ,11 MJ/day,NA. ,NA ,NA ,
Energy,Energy,Children,13 years PAL=2.0,Male,NA ,12.2 MJ/day,NA. ,NA ,NA ,
Energy,Energy,Children,14 years PAL=1.6,Male,NA ,10.5 MJ/day,NA. ,NA ,NA ,
Energy,Energy,Children,14 years PAL=1.8,Male,NA ,11.8 MJ/day,NA. ,NA ,NA ,
Energy,Energy,Children,14 years PAL=2.0,Male,NA ,13.1 MJ/day,NA. ,NA ,NA ,
Energy,Energy,Children,15 years PAL=1.6,Male,NA ,11.3 MJ/day,NA. ,NA ,NA ,
Energy,Energy,Children,15 years PAL=1.8,Male,NA ,12.7 MJ/day,NA. ,NA ,NA ,
Energy,Energy,Children,15 years PAL=2.0,Male,NA ,14.1 MJ/day,NA. ,NA ,NA ,
Energy,Energy,Children,16 years PAL=1.6,Male,NA ,11.9 MJ/day,NA. ,NA ,NA ,
Energy,Energy,Children,16 years PAL=1.8,Male,NA ,13.4 MJ/day,NA. ,NA ,NA ,
Energy,Energy,Children,16 years PAL=2.0,Male,NA ,14.9 MJ/day,NA. ,NA ,NA ,
Energy,Energy,Children,17 years PAL=1.6,Male,NA ,12.3 MJ/day,NA. ,NA ,NA ,
Energy,Energy,Children,17 years PAL=1.8,Male,NA ,13.8 MJ/day,NA. ,NA ,NA ,
Energy,Energy,Children,17 years PAL=2.0,Male,NA ,15.4 MJ/day,NA. ,NA ,NA ,
Energy,Energy,Children,1 year PAL=1.4,Female,NA ,3 MJ/day,NA. ,NA ,NA ,
Energy,Energy,Children,2 years PAL=1.4,Female,NA ,4 MJ/day,NA. ,NA ,NA ,
Energy,Energy,Children,3 years PAL=1.4,Female,NA ,4.6 MJ/day,NA. ,NA ,NA ,
Energy,Energy,Children,4 years PAL=1.4,Female,NA ,4.9 MJ/day,NA. ,NA ,NA ,
Energy,Energy,Children,4 years PAL=1.6,Female,NA ,5.6 MJ/day,NA. ,NA ,NA ,
Energy,Energy,Children,4 years PAL=1.8,Female,NA ,6.3 MJ/day,NA. ,NA ,NA ,
Energy,Energy,Children,5 years PAL=1.4,Female,NA ,5.2 MJ/day,NA. ,NA ,NA ,
Energy,Energy,Children,5 years PAL=1.6,Female,NA ,5.9 MJ/day,NA. ,NA ,NA ,
Energy,Energy,Children,5 years PAL=1.8,Female,NA ,6.7 MJ/day,NA. ,NA ,NA ,
Energy,Energy,Children,6 years PAL=1.4,Female,NA ,5.5 MJ/day,NA. ,NA ,NA ,
Energy,Energy,Children,6 years PAL=1.6,Female,NA ,6.3 MJ/day,NA. ,NA ,NA ,
Energy,Energy,Children,6 years PAL=1.8,Female,NA ,7.1 MJ/day,NA. ,NA ,NA ,
Energy,Energy,Children,7 years PAL=1.4,Female,NA ,5.8 MJ/day,NA. ,NA ,NA ,
Energy,Energy,Children,7 years PAL=1.6,Female,NA ,6.7 MJ/day,NA. ,NA ,NA ,
Energy,Energy,Children,7 years PAL=1.8,Female,NA ,7.5 MJ/day,NA. ,NA ,NA ,
Energy,Energy,Children,8 years PAL=1.4,Female,NA ,6.2 MJ/day,NA. ,NA ,NA ,
Energy,Energy,Children,8 years PAL=1.6,Female,NA ,7.1 MJ/day,NA. ,NA ,NA ,
Energy,Energy,Children,8 years PAL=1.8,Female,NA ,7.9 MJ/day,NA. ,NA ,NA ,
Energy,Energy,Children,9 years PAL=1.4,Female,NA ,6.6 MJ/day,NA. ,NA ,NA ,
Energy,Energy,Children,9 years PAL=1.6,Female,NA ,7.5 MJ/day,NA. ,NA ,NA ,
Energy,Energy,Children,9 years PAL=1.8,Female,NA ,8.4 MJ/day,NA. ,NA ,NA ,
Energy,Energy,Children,10 years PAL=1.6,Female,NA ,7.6 MJ/day,NA. ,NA ,NA ,
Energy,Energy,Children,10 years PAL=1.8,Female,NA ,8.6 MJ/day,NA. ,NA ,NA ,
Energy,Energy,Children,10 years PAL=2.0,Female,NA ,9.5 MJ/day,NA. ,NA ,NA ,
Energy,Energy,Children,11 years PAL=1.6,Female,NA ,8 MJ/day,NA. ,NA ,NA ,
Energy,Energy,Children,11 years PAL=1.8,Female,NA ,9 MJ/day,NA. ,NA ,NA ,
Energy,Energy,Children,11 years PAL=2.0,Female,NA ,10 MJ/day,NA. ,NA ,NA ,
Energy,Energy,Children,12 years PAL=1.6,Female,NA ,8.4 MJ/day,NA. ,NA ,NA ,
Energy,Energy,Children,12 years PAL=1.8,Female,NA ,9.4 MJ/day,NA. ,NA ,NA ,
Energy,Energy,Children,12 years PAL=2.0,Female,NA ,10.5 MJ/day,NA. ,NA ,NA ,
Energy,Energy,Children,13 years PAL=1.6,Female,NA ,8.8 MJ/day,NA. ,NA ,NA ,
Energy,Energy,Children,13 years PAL=1.8,Female,NA ,9.9 MJ/day,NA. ,NA ,NA ,
Energy,Energy,Children,13 years PAL=2.0,Female,NA ,11 MJ/day,NA. ,NA ,NA ,
Energy,Energy,Children,14 years PAL=1.6,Female,NA ,9.1 MJ/day,NA. ,NA ,NA ,
Energy,Energy,Children,14 years PAL=1.8,Female,NA ,10.2 MJ/day,NA. ,NA ,NA ,
Energy,Energy,Children,14 years PAL=2.0,Female,NA ,11.4 MJ/day,NA. ,NA ,NA ,
Energy,Energy,Children,15 years PAL=1.6,Female,NA ,9.3 MJ/day,NA. ,NA ,NA ,
Energy,Energy,Children,15 years PAL=1.8,Female,NA ,10.5 MJ/day,NA. ,NA ,NA ,
Energy,Energy,Children,15 years PAL=2.0,Female,NA ,11.7 MJ/day,NA. ,NA ,NA ,
Energy,Energy,Children,16 years PAL=1.6,Female,NA ,9.5 MJ/day,NA. ,NA ,NA ,
Energy,Energy,Children,16 years PAL=1.8,Female,NA ,10.6 MJ/day,NA. ,NA ,NA ,
Energy,Energy,Children,16 years PAL=2.0,Female,NA ,11.8 MJ/day,NA. ,NA ,NA ,
Energy,Energy,Children,17 years PAL=1.6,Female,NA ,9.5 MJ/day,NA. ,NA ,NA ,
Energy,Energy,Children,17 years PAL=1.8,Female,NA ,10.7 MJ/day,NA. ,NA ,NA ,
Energy,Energy,Children,17 years PAL=2.0,Female,NA ,11.9 MJ/day,NA. ,NA ,NA ,
Energy,Energy,Adults,18–29 years PAL=1.4,Male,NA ,9.8 MJ/day,NA. ,NA ,NA ,
Energy,Energy,Adults,18–29 years PAL=1.6,Male,NA ,11.2 MJ/day,NA. ,NA ,NA ,
Energy,Energy,Adults,18–29 years PAL=1.8,Male,NA ,12.6 MJ/day,NA. ,NA ,NA ,
Energy,Energy,Adults,18–29 years PAL=2.0,Male,NA ,14 MJ/day,NA. ,NA ,NA ,
Energy,Energy,Adults,30–39 years PAL=1.4,Male,NA ,9.5 MJ/day,NA. ,NA ,NA ,
Energy,Energy,Adults,30–39 years PAL=1.6,Male,NA ,10.8 MJ/day,NA. ,NA ,NA ,
Energy,Energy,Adults,30–39 years PAL=1.8,Male,NA ,12.2 MJ/day,NA. ,NA ,NA ,
Energy,Energy,Adults,30–39 years PAL=2.0,Male,NA ,13.5 MJ/day,NA. ,NA ,NA ,
Energy,Energy,Adults,40–49 year PAL=1.4,Male,NA ,9.3 MJ/day,NA. ,NA ,NA ,
Energy,Energy,Adults,40–49 year PAL=1.6,Male,NA ,10.7 MJ/day,NA. ,NA ,NA ,
Energy,Energy,Adults,40–49 year PAL=1.8,Male,NA ,12 MJ/day,NA. ,NA ,NA ,
Energy,Energy,Adults,40–49 years PAL=2.0,Male,NA ,13.4 MJ/day,NA. ,NA ,NA ,
Energy,Energy,Adults,50–59 years PAL=1.4,Male,NA ,9.2 MJ/day,NA. ,NA ,NA ,
Energy,Energy,Adults,50–59 years PAL=1.6,Male,NA ,10.5 MJ/day,NA. ,NA ,NA ,
Energy,Energy,Adults,50–59 years PAL=1.8,Male,NA ,11.9 MJ/day,NA. ,NA ,NA ,
Energy,Energy,Adults,50–59 years PAL=2.0,Male,NA ,13.2 MJ/day,NA. ,NA ,NA ,
Energy,Energy,Adults,60–69 years PAL=1.4,Male,NA ,8.4 MJ/day,NA. ,NA ,NA ,
Energy,Energy,Adults,60–69 years PAL=1.6,Male,NA ,9.6 MJ/day,NA. ,NA ,NA ,
Energy,Energy,Adults,60–69 years PAL=1.8,Male,NA ,10.9 MJ/day,NA. ,NA ,NA ,
Energy,Energy,Adults,60–69 years PAL=2.0,Male,NA ,12.1 MJ/day,NA. ,NA ,NA ,
Energy,Energy,Adults,70–79 years PAL=1.4,Male,NA ,8.3 MJ/day,NA. ,NA ,NA ,
Energy,Energy,Adults,70–79 years PAL=1.6,Male,NA ,9.5 MJ/day,NA. ,NA ,NA ,
Energy,Energy,Adults,70–79 years PAL=1.8,Male,NA ,10.7 MJ/day,NA. ,NA ,NA ,
Energy,Energy,Adults,70–79 years PAL=2.0,Male,NA ,11.9 MJ/day,NA. ,NA ,NA ,
Energy,Energy,Adults,18–29 years PAL=1.4,Female,NA ,7.9 MJ/day,NA. ,NA ,NA ,
Energy,Energy,Adults,18–29 years PAL=1.6,Female,NA ,9 MJ/day,NA. ,NA ,NA ,
Energy,Energy,Adults,18–29 years PAL=1.8,Female,NA ,10.1 MJ/day,NA. ,NA ,NA ,
Energy,Energy,Adults,18–29 years PAL=2.0,Female,NA ,11.2 MJ/day,NA. ,NA ,NA ,
Energy,Energy,Adults,30–39 years PAL=1.4,Female,NA ,7.6 MJ/day,NA. ,NA ,NA ,
Energy,Energy,Adults,30–39 years PAL=1.6,Female,NA ,8.7 MJ/day,NA. ,NA ,NA ,
Energy,Energy,Adults,30–39 years PAL=1.8,Female,NA ,9.8 MJ/day,NA. ,NA ,NA ,
Energy,Energy,Adults,30–39 years PAL=2.0,Female,NA ,10.8 MJ/day,NA. ,NA ,NA ,
Energy,Energy,Adults,40–49 years PAL=1.4,Female,NA ,7.5 MJ/day,NA. ,NA ,NA ,
Energy,Energy,Adults,40–49 years PAL=1.6,Female,NA ,8.6 MJ/day,NA. ,NA ,NA ,
Energy,Energy,Adults,40–49 years PAL=1.8,Female,NA ,9.7 MJ/day,NA. ,NA ,NA ,
Energy,Energy,Adults,40–49 years PAL=2.0,Female,NA ,10.7 MJ/day,NA. ,NA ,NA ,
Energy,Energy,Adults,50–59 years PAL=1.4,Female,NA ,7.5 MJ/day,NA. ,NA ,NA ,
Energy,Energy,Adults,50–59 years PAL=1.6,Female,NA ,8.5 MJ/day,NA. ,NA ,NA ,
Energy,Energy,Adults,50–59 years PAL=1.8,Female,NA ,9.6 MJ/day,NA. ,NA ,NA ,
Energy,Energy,Adults,50–59 years PAL=2.0,Female,NA ,10.7 MJ/day,NA. ,NA ,NA ,
Energy,Energy,Adults,60–69 years PAL=1.4,Female,NA ,6.8 MJ/day,NA. ,NA ,NA ,
Energy,Energy,Adults,60–69 years PAL=1.6,Female,NA ,7.8 MJ/day,NA. ,NA ,NA ,
Energy,Energy,Adults,60–69 years PAL=1.8,Female,NA ,8.8 MJ/day,NA. ,NA ,NA ,
Energy,Energy,Adults,60–69 years PAL=2.0,Female,NA ,9.7 MJ/day,NA. ,NA ,NA ,
Energy,Energy,Adults,70–79 years PAL=1.4,Female,NA ,6.8 MJ/day,NA. ,NA ,NA ,
Energy,Energy,Adults,70–79 years PAL=1.6,Female,NA ,7.7 MJ/day,NA. ,NA ,NA ,
Energy,Energy,Adults,70–79 years PAL=1.8,Female,NA ,8.7 MJ/day,NA. ,NA ,NA ,
Energy,Energy,Adults,70–79 years PAL=2.0,Female,NA ,9.6 MJ/day,NA. ,NA ,NA ,
Energy,Energy,Adults,≥ 80 years,Both genders,NA ,ND ,NA. ,NA ,NA ,
Energy,Energy,Pregnant women (1st trimester),≥ 18 years,Female,NA ,(+) 0.29 MJ/day,NA. ,NA ,NA ,
Energy,Energy,Pregnant women (2nd trimester),≥ 18 years,Female,NA ,(+) 1.1 MJ/day,NA. ,NA ,NA ,
Energy,Energy,Pregnant women (3rd trimester),≥ 18 years,Female,NA ,(+) 2.1 MJ/day,NA. ,NA ,NA ,
Energy,Energy,Lactating women,≥ 18 years,Female,NA ,(+) 2.1 MJ/day,NA. ,NA ,NA ,
Carbohydrates,Dietary fibre,Children,1-3 years,Male,10 g/day,NA ,NA ,NA ,NA ,
Carbohydrates,Dietary fibre,Children,1-3 years,Female,10 g/day,NA ,NA ,NA ,NA ,
Carbohydrates,Dietary fibre,Children,4-6 years,Male,14 g/day,NA ,NA ,NA ,NA ,
Carbohydrates,Dietary fibre,Children,4-6 years,Female,14 g/day,NA ,NA ,NA ,NA ,
Carbohydrates,Dietary fibre,Children,7-10 years,Male,16 g/day,NA ,NA ,NA ,NA ,
Carbohydrates,Dietary fibre,Children,7-10 years,Female,16 g/day,NA ,NA ,NA ,NA ,
Carbohydrates,Dietary fibre,Children,11-14 years,Male,19 g/day,NA ,NA ,NA ,NA ,
Carbohydrates,Dietary fibre,Children,11-14 years,Female,19 g/day,NA ,NA ,NA ,NA ,
Carbohydrates,Dietary fibre,Children,15-17 years,Male,21 g/day,NA ,NA ,NA ,NA ,
Carbohydrates,Dietary fibre,Children,15-17 years,Female,21 g/day,NA ,NA ,NA ,NA ,
Carbohydrates,Dietary fibre,Adults,≥ 18 years,Male,25 g/day,NA ,NA ,NA ,NA ,
Carbohydrates,Dietary fibre,Adults,≥ 18 years,Female,25 g/day,NA ,NA ,NA ,NA ,
Carbohydrates,Total carbohydrates,Infants,7-11 months,Both genders,NA ,NA ,NA ,NA ,ND ,
Carbohydrates,Total carbohydrates,Children,1-17 years,Male,NA ,NA ,NA ,45–60 E%,ND ,
Carbohydrates,Total carbohydrates,Children,1-17 years,Female,NA ,NA ,NA ,45–60 E%,ND ,
Carbohydrates,Total carbohydrates,Adults,≥ 18 years,Male,NA ,NA ,NA ,45–60 E%,ND ,
Carbohydrates,Total carbohydrates,Adults,≥ 18 years,Female,NA ,NA ,NA ,45–60 E%,ND ,
Fats,Alpha-linolenic acid (ALA),Infants,7-11 months,Both genders,0.5 E%,NA ,NA ,NA ,ND ,
Fats,Alpha-linolenic acid (ALA),Children,1 year,Both genders,0.5 E%,NA ,NA ,NA ,ND ,
Fats,Alpha-linolenic acid (ALA),Children,2-3 years,Both genders,0.5 E%,NA ,NA ,NA ,ND ,
Fats,Alpha-linolenic acid (ALA),Children,4-17 years,Both genders,0.5 E%,NA ,NA ,NA ,ND ,
Fats,Alpha-linolenic acid (ALA),Adults,≥ 18 years,Both genders,0.5 E%,NA ,NA ,NA ,ND ,
Fats,Alpha-linolenic acid (ALA),Pregnant women,≥ 18 years,Female,0.5 E%,NA ,NA ,NA ,ND ,
Fats,Alpha-linolenic acid (ALA),Lactating women,≥ 18 years,Female,0.5 E%,NA ,NA ,NA ,ND ,
Fats,"Eicosapentaenoic acid, Docosahexaenoic acid (EPA, DHA)",Infants,7-11 months,Both genders,100 mg/day DHA,NA ,NA ,NA ,ND ,
Fats,"Eicosapentaenoic acid, Docosahexaenoic acid (EPA, DHA)",Children,1 year,Both genders,100 mg/day DHA,NA ,NA ,NA ,ND ,
Fats,"Eicosapentaenoic acid, Docosahexaenoic acid (EPA, DHA)",Children,2-3 years,Both genders,250 mg/day DHA +EPA,NA ,NA ,NA ,ND ,
Fats,"Eicosapentaenoic acid, Docosahexaenoic acid (EPA, DHA)",Children,4-17 years,Both genders,250 mg/day DHA +EPA,NA ,NA ,NA ,ND ,
Fats,"Eicosapentaenoic acid, Docosahexaenoic acid (EPA, DHA)",Adults,≥ 18 years,Both genders,250 mg/day DHA +EPA,NA ,NA ,NA ,ND ,
Fats,"Eicosapentaenoic acid, Docosahexaenoic acid (EPA, DHA)",Pregnant women,≥ 18 years,Female,(+) 100–200 mg/day DHA,NA ,NA ,NA ,ND ,
Fats,"Eicosapentaenoic acid, Docosahexaenoic acid (EPA, DHA)",Lactating women,≥ 18 years,Female,(+) 100–200 mg/day DHA,NA ,NA ,NA ,ND ,
Fats,Linoleic acid (LA),Infants,7-11 months,Both genders,4 E%,NA ,NA ,NA ,ND ,
Fats,Linoleic acid (LA),Children,1 year,Both genders,4 E%,NA ,NA ,NA ,ND ,
Fats,Linoleic acid (LA),Children,2-3 years,Both genders,4 E%,NA ,NA ,NA ,ND ,
Fats,Linoleic acid (LA),Children,4-17 years,Both genders,4 E%,NA ,NA ,NA ,ND ,
Fats,Linoleic acid (LA),Adults,≥ 18 years,Both genders,4 E%,NA ,NA ,NA ,ND ,
Fats,Linoleic acid (LA),Pregnant women,≥ 18 years,Female,4 E%,NA ,NA ,NA ,ND ,
Fats,Linoleic acid (LA),Lactating women,≥ 18 years,Female,4 E%,NA ,NA ,NA ,ND ,
Fats,Saturated fatty acids (SFA),Infants,7-11 months,Both genders,ALAP ,NA ,NA ,NA ,ND ,
Fats,Saturated fatty acids (SFA),Children,1 year,Both genders,ALAP ,NA ,NA ,NA ,ND ,
Fats,Saturated fatty acids (SFA),Children,2-3 years,Both genders,ALAP ,NA ,NA ,NA ,ND ,
Fats,Saturated fatty acids (SFA),Children,4-17 years,Both genders,ALAP ,NA ,NA ,NA ,ND ,
Fats,Saturated fatty acids (SFA),Adults,≥ 18 years,Both genders,ALAP ,NA ,NA ,NA ,ND ,
Fats,Saturated fatty acids (SFA),Pregnant women,≥ 18 years,Both genders,ALAP ,NA ,NA ,NA ,ND ,
Fats,Saturated fatty acids (SFA),Lactating women,≥ 18 years,Both genders,ALAP ,NA ,NA ,NA ,ND ,
Fats,Total fat,Infants,7-11 months,Both genders,40 E%,NA ,NA ,NA ,ND ,
Fats,Total fat,Children,1 year,Both genders,NA ,NA ,NA ,35–40 E%,ND ,
Fats,Total fat,Children,2-3 years,Both genders,NA ,NA ,NA ,35–40 E%,ND ,
Fats,Total fat,Children,4-17 years,Both genders,NA ,NA ,NA ,20–35 E%,ND ,
Fats,Total fat,Adults,≥ 18 years,Both genders,NA ,NA ,NA ,20–35 E%,ND ,
Fats,Total fat,Pregnant women,≥ 18 years,Female,NA ,NA ,NA ,20–35 E%,ND ,
Fats,Total fat,Lactating women,≥ 18 years,Female,NA ,NA ,NA ,20–35 E%,ND ,
Fats,Trans-fatty acids (TFA),Infants,7-11 months,Both genders,ALAP ,NA ,NA ,NA ,ND ,
Fats,Trans-fatty acids (TFA),Children,1 year,Both genders,ALAP ,NA ,NA ,NA ,ND ,
Fats,Trans-fatty acids (TFA),Children,2-3 years,Both genders,ALAP ,NA ,NA ,NA ,ND ,
Fats,Trans-fatty acids (TFA),Children,4-17 years,Both genders,ALAP ,NA ,NA ,NA ,ND ,
Fats,Trans-fatty acids (TFA),Adults,≥ 18 years,Both genders,ALAP ,NA ,NA ,NA ,ND ,
Fats,Trans-fatty acids (TFA),Pregnant women,≥ 18 years,Both genders,ALAP ,NA ,NA ,NA ,ND ,
Fats,Trans-fatty acids (TFA),Lactating women,≥ 18 years,Both genders,ALAP ,NA ,NA ,NA ,ND ,
Protein,Protein,Infants,7-11 months,Male,NA ,1.12 g/kg bw per day,1.31 g/kg bw per day,NA ,NA ,
Protein,Protein,Infants,7-11 months,Female,NA ,1.12 g/kg bw per day,1.31 g/kg bw per day,NA ,NA ,
Protein,Protein,Children,12-17 months,Male,NA ,0.95 g/kg bw per day,1.14 g/kg bw per day,NA ,NA ,
Protein,Protein,Children,12-17 months,Female,NA ,0.95 g/kg bw per day,1.14 g/kg bw per day,NA ,NA ,
Protein,Protein,Children,18-23 months,Male,NA ,0.85 g/kg bw per day,1.03 g/kg bw per day,NA ,NA ,
Protein,Protein,Children,18-23 months,Female,NA ,0.85 g/kg bw per day,1.03 g/kg bw per day,NA ,NA ,
Protein,Protein,Children,2 years,Male,NA ,0.79 g/kg bw per day,0.97 g/kg bw per day,NA ,NA ,
Protein,Protein,Children,2 years,Female,NA ,0.79 g/kg bw per day,0.97 g/kg bw per day,NA ,NA ,
Protein,Protein,Children,3 years,Male,NA ,0.73 g/kg bw per day,0.9 g/kg bw per day,NA ,NA ,
Protein,Protein,Children,3 years,Female,NA ,0.73 g/kg bw per day,0.9 g/kg bw per day,NA ,NA ,
Protein,Protein,Children,4 years,Male,NA ,0.69 g/kg bw per day,0.86 g/kg bw per day,NA ,NA ,
Protein,Protein,Children,4 years,Female,NA ,0.69 g/kg bw per day,0.86 g/kg bw per day,NA ,NA ,
Protein,Protein,Children,5 years,Male,NA ,0.69 g/kg bw per day,0.85 g/kg bw per day,NA ,NA ,
Protein,Protein,Children,5 years,Female,NA ,0.69 g/kg bw per day,0.85 g/kg bw per day,NA ,NA ,
Protein,Protein,Children,6 years,Male,NA ,0.72 g/kg bw per day,0.89 g/kg bw per day,NA ,NA ,
Protein,Protein,Children,6 years,Female,NA ,0.72 g/kg bw per day,0.89 g/kg bw per day,NA ,NA ,
Protein,Protein,Children,7 years,Male,NA ,0.74 g/kg bw per day,0.91 g/kg bw per day,NA ,NA ,
Protein,Protein,Children,7 years,Female,NA ,0.74 g/kg bw per day,0.91 g/kg bw per day,NA ,NA ,
Protein,Protein,Children,8 years,Male,NA ,0.75 g/kg bw per day,0.92 g/kg bw per day,NA ,NA ,
Protein,Protein,Children,8 years,Female,NA ,0.75 g/kg bw per day,0.92 g/kg bw per day,NA ,NA ,
Protein,Protein,Children,9 years,Male,NA ,0.75 g/kg bw per day,0.92 g/kg bw per day,NA ,NA ,
Protein,Protein,Children,9 years,Female,NA ,0.75 g/kg bw per day,0.92 g/kg bw per day,NA ,NA ,
Protein,Protein,Children,10 years,Male,NA ,0.75 g/kg bw per day,0.91 g/kg bw per day,NA ,NA ,
Protein,Protein,Children,10 years,Female,NA ,0.75 g/kg bw per day,0.91 g/kg bw per day,NA ,NA ,
Protein,Protein,Children,11 years,Male,NA ,0.75 g/kg bw per day,0.91 g/kg bw per day,NA ,NA ,
Protein,Protein,Children,11 years,Female,NA ,0.73 g/kg bw per day,0.9 g/kg bw per day,NA ,NA ,
Protein,Protein,Children,12 years,Male,NA ,0.74 g/kg bw per day,0.9 g/kg bw per day,NA ,NA ,
Protein,Protein,Children,12 years,Female,NA ,0.72 g/kg bw per day,0.89 g/kg bw per day,NA ,NA ,
Protein,Protein,Children,13 years,Male,NA ,0.73 g/kg bw per day,0.9 g/kg bw per day,NA ,NA ,
Protein,Protein,Children,13 years,Female,NA ,0.71 g/kg bw per day,0.88 g/kg bw per day,NA ,NA ,
Protein,Protein,Children,14 years,Male,NA ,0.72 g/kg bw per day,0.89 g/kg bw per day,NA ,NA ,
Protein,Protein,Children,14 years,Female,NA ,0.7 g/kg bw per day,0.87 g/kg bw per day,NA ,NA ,
Protein,Protein,Children,15 years,Male,NA ,0.72 g/kg bw per day,0.88 g/kg bw per day,NA ,NA ,
Protein,Protein,Children,15 years,Female,NA ,0.69 g/kg bw per day,0.85 g/kg bw per day,NA ,NA ,
Protein,Protein,Children,16 years,Male,NA ,0.71 g/kg bw per day,0.87 g/kg bw per day,NA ,NA ,
Protein,Protein,Children,16 years,Female,NA ,0.68 g/kg bw per day,0.84 g/kg bw per day,NA ,NA ,
Protein,Protein,Children,17 years,Male,NA ,0.7 g/kg bw per day,0.86 g/kg bw per day,NA ,NA ,
Protein,Protein,Children,17 years,Female,NA ,0.67 g/kg bw per day,0.83 g/kg bw per day,NA ,NA ,
Protein,Protein,Adults,≥ 18 years,Male,NA ,0.66 g/kg bw per day,0.83 g/kg bw per day,NA ,NA ,
Protein,Protein,Adults,≥ 18 years,Female,NA ,0.66 g/kg bw per day,0.83 g/kg bw per day,NA ,NA ,
Protein,Protein,Pregnant women (1st trimester),≥ 18 years,Female,NA ,(+) 0.52 g/day,(+) 1 g/day,NA ,NA ,
Protein,Protein,Pregnant women (2nd trimester),≥ 18 years,Female,NA ,(+) 7.2 g/day,(+) 9 g/day,NA ,NA ,
Protein,Protein,Pregnant women (3rd trimester),≥ 18 years,Female,NA ,(+) 23 g/day,(+) 28 g/day,NA ,NA ,
Protein,Protein,Lactating women (0–6 months post partum),≥ 18 years,Female,NA ,(+) 15 g/day,(+) 19 g/day,NA ,NA ,
Protein,Protein,Lactating women (>6 months post partum),≥ 18 years,Female,NA ,(+) 10 g/day,(+) 13 g/day,NA ,NA ,
Water,Water,Infants,7-11 months,Both genders,0.8-1.0 L/day,NA ,NA ,NA ,NA ,
Water,Water,Children,1 year,Both genders,1.1-1.2 L/day,NA ,NA ,NA ,NA ,
Water,Water,Children,2-3 years,Both genders,1.3 L/day,NA ,NA ,NA ,NA ,
Water,Water,Children,4-8 years,Both genders,1.6 L/day,NA ,NA ,NA ,NA ,
Water,Water,Children,9-13 years,Male,2.1 L/day,NA ,NA ,NA ,NA ,
Water,Water,Children,9-13 years,Female,1.9 L/day,NA ,NA ,NA ,NA ,
Water,Water,Children,14-17 years,Male,2.5 L/day,NA ,NA ,NA ,NA ,
Water,Water,Children,14-17 years,Female,2 L/day,NA ,NA ,NA ,NA ,
Water,Water,Adults,≥ 18 years,Male,2.5 L/day,NA ,NA ,NA ,NA ,
Water,Water,Adults,≥ 18 years,Female,2 L/day,NA ,NA ,NA ,NA ,
Water,Water,Pregnant women,≥ 18 years,Female,2.3 L/day,NA ,NA ,NA ,NA ,
Water,Water,Lactating women,≥ 18 years,Female,2.7 L/day,NA ,NA ,NA ,NA ,
Minerals,Calcium,Infants,7-11 months,Both genders,280 mg/day,NA ,NA ,NA ,ND ,
Minerals,Calcium,Children,1-3 years,Both genders,NA ,390 mg/day,450 mg/day,NA ,ND ,
Minerals,Calcium,Children,4-10 years,Both genders,NA ,680 mg/day,800 mg/day,NA ,ND ,
Minerals,Calcium,Children,11-17 years,Both genders,NA ,960 mg/day,1150 mg/day,NA ,ND ,
Minerals,Calcium,Adults,18-24 years,Both genders,NA ,860 mg/day,1000 mg/day,NA ,2500 mg/day,
Minerals,Calcium,Adults,≥ 25 years,Both genders,NA ,750 mg/day,950 mg/day,NA ,2500 mg/day,
Minerals,Calcium,Pregnant women,18-24 years,Female,NA ,860 mg/day,1000 mg/day,NA ,2500 mg/day,
Minerals,Calcium,Pregnant women,≥ 25 years,Female,NA ,750 mg/day,950 mg/day,NA ,2500 mg/day,
Minerals,Calcium,Lactating women,18-24 years,Female,NA ,860 mg/day,1000 mg/day,NA ,2500 mg/day,
Minerals,Calcium,Lactating women,≥ 25 years,Female,NA ,750 mg/day,950 mg/day,NA ,2500 mg/day,
Minerals,Chloride,Infants,7-11 months,Both genders,"0,3 g/day",NA ,NA ,NA ,ND ,NA 
Minerals,Chloride,Children,1-3 years,Both genders,NA ,NA ,NA ,NA ,ND ,"1,7 g/day"
Minerals,Chloride,Children,4-6 years,Both genders,NA ,NA ,NA ,NA ,ND ,2 g/day
Minerals,Chloride,Children,7-10 years,Both genders,NA ,NA ,NA ,NA ,ND ,"2,6 g/day"
Minerals,Chloride,Children,11-17 years,Both genders,NA ,NA ,NA ,NA ,ND ,"3,1 g/day"
Minerals,Chloride,Adults,≥ 18 years,Both genders,NA ,NA ,NA ,NA ,ND ,"3,1 g/day"
Minerals,Chloride,Pregnant women,≥ 18 years,Both genders,NA ,NA ,NA ,NA ,ND ,"3,1 g/day"
Minerals,Chloride,Lactating women,≥ 18 years,Both genders,NA ,NA ,NA ,NA ,ND ,"3,1 g/day"
Minerals,Copper,Infants,7-11 months,Both genders,0.4 mg/day,NA ,NA ,NA ,ND ,
Minerals,Copper,Children,1-2 years,Both genders,0.7 mg/day,NA ,NA ,NA ,1 mg/day,
Minerals,Copper,Children,3 years,Both genders,1 mg/day,NA ,NA ,NA ,1 mg/day,
Minerals,Copper,Children,4-6 years,Both genders,1 mg/day,NA ,NA ,NA ,2 mg/day,
Minerals,Copper,Children,7-9 years,Both genders,1 mg/day,NA ,NA ,NA ,3 mg/day,
Minerals,Copper,Children,10 years,Male,1.3 mg/day,NA ,NA ,NA ,3 mg/day,
Minerals,Copper,Children,10 years,Female,1.1 mg/day,NA ,NA ,NA ,3 mg/day,
Minerals,Copper,Children,11-17 years,Male,1.3 mg/day,NA ,NA ,NA ,4 mg/day,
Minerals,Copper,Children,11-17 years,Female,1.1 mg/day,NA ,NA ,NA ,4 mg/day,
Minerals,Copper,Adults,≥ 18 years,Male,1.6 mg/day,NA ,NA ,NA ,5 mg/day,
Minerals,Copper,Adults,≥ 18 years,Female,1.3 mg/day,NA ,NA ,NA ,5 mg/day,
Minerals,Copper,Pregnant women,≥ 18 years,Female,1.5 mg/day,NA ,NA ,NA ,ND ,
Minerals,Copper,Lactating women,≥ 18 years,Female,1.5 mg/day,NA ,NA ,NA ,ND ,
Minerals,Fluoride,Infants,7-11 months,Both genders,0.4 mg/day,NA ,NA ,NA ,ND ,
Minerals,Fluoride,Children,1-3 years,Both genders,0.6 mg/day,NA ,NA ,NA ,1.5 mg/day,
Minerals,Fluoride,Children,4-6 years,Male,1 mg/day,NA ,NA ,NA ,2.5 mg/day,
Minerals,Fluoride,Children,4-6 years,Female,0.9 mg/day,NA ,NA ,NA ,2.5 mg/day,
Minerals,Fluoride,Children,7-8 years,Male,1.5 mg/day,NA ,NA ,NA ,2.5 mg/day,
Minerals,Fluoride,Children,7-8 years,Female,1.4 mg/day,NA ,NA ,NA ,2.5 mg/day,
Minerals,Fluoride,Children,9-10 years,Male,1.5 mg/day,NA ,NA ,NA ,5 mg/day,
Minerals,Fluoride,Children,9-10 years,Female,1.4 mg/day,NA ,NA ,NA ,5 mg/day,
Minerals,Fluoride,Children,11-14 years,Male,2.2 mg/day,NA ,NA ,NA ,5 mg/day,
Minerals,Fluoride,Children,11-14 years,Female,2.3 mg/day,NA ,NA ,NA ,5 mg/day,
Minerals,Fluoride,Children,15-17 years,Male,3.2 mg/day,NA ,NA ,NA ,7 mg/day,
Minerals,Fluoride,Children,15-17 years,Female,2.8 mg/day,NA ,NA ,NA ,7 mg/day,
Minerals,Fluoride,Adults,≥ 18 years,Male,3.4 mg/day,NA ,NA ,NA ,7 mg/day,
Minerals,Fluoride,Adults,≥ 18 years,Female,2.9 mg/day,NA ,NA ,NA ,7 mg/day,
Minerals,Fluoride,Pregnant women,≥ 18 years,Female,2.9 mg/day,NA ,NA ,NA ,7 mg/day,
Minerals,Fluoride,Lactating women,≥ 18 years,Female,2.9 mg/day,NA ,NA ,NA ,7 mg/day,
Minerals,Iodine,Infants,7-11 months,Both genders,70 μg/day,NA ,NA ,NA ,ND ,
Minerals,Iodine,Children,1-3 years,Both genders,90 μg/day,NA ,NA ,NA ,200 μg/day,
Minerals,Iodine,Children,4-6 years,Both genders,90 μg/day,NA ,NA ,NA ,250 μg/day,
Minerals,Iodine,Children,7-10 years,Both genders,90 μg/day,NA ,NA ,NA ,300 μg/day,
Minerals,Iodine,Children,11-14 years,Both genders,120 μg/day,NA ,NA ,NA ,450 μg/day,
Minerals,Iodine,Children,15-17 years,Both genders,130 μg/day,NA ,NA ,NA ,500 μg/day,
Minerals,Iodine,Adults,≥ 18 years,Both genders,150 μg/day,NA ,NA ,NA ,600 μg/day,
Minerals,Iodine,Pregnant women,≥ 18 years,Female,200 μg/day,NA ,NA ,NA ,600 μg/day,
Minerals,Iodine,Lactating women,≥ 18 years,Female,200 μg/day,NA ,NA ,NA ,600 μg/day,
Minerals,Iron,Infants,7-11 months,Both genders,NA ,8 mg/day,11 mg/day,NA ,ND ,
Minerals,Iron,Children,1-6 years,Both genders,NA ,5 mg/day,7 mg/day,NA ,ND ,
Minerals,Iron,Children,7-11 years,Both genders,NA ,8 mg/day,11 mg/day,NA ,ND ,
Minerals,Iron,Children,12-17 years,Male,NA ,8 mg/day,11 mg/day,NA ,ND ,
Minerals,Iron,Children,12-17 years,Female,NA ,7 mg/day,13 mg/day,NA ,ND ,
Minerals,Iron,Premenopausal women,≥ 18 years,Female,NA ,7 mg/day,16 mg/day,NA ,ND ,
Minerals,Iron,Postmenopausal women,≥ 40 years,Female,NA ,6 mg/day,11 mg/day,NA ,ND ,
Minerals,Iron,Adults,≥ 18 years,Male,NA ,6 mg/day,11 mg/day,NA ,ND ,
Minerals,Iron,Pregnant women,≥ 18 years,Female,NA ,7 mg/day,16 mg/day,NA ,ND ,
Minerals,Iron,Lactating women,≥ 18 years,Female,NA ,7 mg/day,16 mg/day,NA ,ND ,
Minerals,Magnesium,Infants,7-11 months,Both genders,80 mg/day,NA ,NA ,NA ,ND ,
Minerals,Magnesium,Children,1-2 years,Both genders,170 mg/day,NA ,NA ,NA ,ND ,
Minerals,Magnesium,Children,3 years,Both genders,230 mg/day,NA ,NA ,NA ,ND ,
Minerals,Magnesium,Children,4-9 years,Both genders,230 mg/day,NA ,NA ,NA ,250 mg/day,
Minerals,Magnesium,Children,10-17 years,Male,300 mg/day,NA ,NA ,NA ,250 mg/day,
Minerals,Magnesium,Children,10-17 years,Female,250 mg/day,NA ,NA ,NA ,250 mg/day,
Minerals,Magnesium,Adults,≥ 18 years,Male,350 mg/day,NA ,NA ,NA ,250 mg/day,
Minerals,Magnesium,Adults,≥ 18 years,Female,300 mg/day,NA ,NA ,NA ,250 mg/day,
Minerals,Magnesium,Pregnant women,≥ 18 years,Female,300 mg/day,NA ,NA ,NA ,250 mg/day,
Minerals,Magnesium,Lactating women,≥ 18 years,Female,300 mg/day,NA ,NA ,NA ,250 mg/day,
Minerals,Manganese,Infants,7-11 months,Both genders,0.02–0.5 mg/day,NA ,NA ,NA ,ND ,
Minerals,Manganese,Children,1-3 years,Both genders,0.5 mg/day,NA ,NA ,NA ,ND ,
Minerals,Manganese,Children,4-6 years,Both genders,1 mg/day,NA ,NA ,NA ,ND ,
Minerals,Manganese,Children,7-10 years,Both genders,1.5 mg/day,NA ,NA ,NA ,ND ,
Minerals,Manganese,Children,11-14 years,Both genders,2 mg/day,NA ,NA ,NA ,ND ,
Minerals,Manganese,Children,15-17 years,Both genders,3 mg/day,NA ,NA ,NA ,ND ,
Minerals,Manganese,Adults,≥ 18 years,Both genders,3 mg/day,NA ,NA ,NA ,ND ,
Minerals,Manganese,Pregnant women,≥ 18 years,Female,3 mg/day,NA ,NA ,NA ,ND ,
Minerals,Manganese,Lactating women,≥ 18 years,Female,3 mg/day,NA ,NA ,NA ,ND ,
Minerals,Molybdenum,Infants,7-11 months,Both genders,10 μg/day,NA ,NA ,NA ,ND ,
Minerals,Molybdenum,Children,1-3 years,Both genders,15 μg/day,NA ,NA ,NA ,0.1 mg/day,
Minerals,Molybdenum,Children,4-6 years,Both genders,20 μg/day,NA ,NA ,NA ,0.2 mg/day,
Minerals,Molybdenum,Children,7-10 years,Both genders,30 μg/day,NA ,NA ,NA ,0.25 mg/day,
Minerals,Molybdenum,Children,11-14 years,Both genders,45 μg/day,NA ,NA ,NA ,0.4 mg/day,
Minerals,Molybdenum,Children,15-17 years,Both genders,65 μg/day,NA ,NA ,NA ,0.5 mg/day,
Minerals,Molybdenum,Adults,≥ 18 years,Both genders,65 μg/day,NA ,NA ,NA ,0.6 mg/day,
Minerals,Molybdenum,Pregnant women,≥ 18 years,Female,65 μg/day,NA ,NA ,NA ,0.6 mg/day,
Minerals,Molybdenum,Lactating women,≥ 18 years,Female,65 μg/day,NA ,NA ,NA ,0.6 mg/day,
Minerals,Phosphorus,Infants,7-11 years,Both genders,160 mg/day,NA ,NA ,NA ,ND ,
Minerals,Phosphorus,Children,1-3 years,Both genders,250 mg/day,NA ,NA ,NA ,ND ,
Minerals,Phosphorus,Children,4-10 years,Both genders,440 mg/day,NA ,NA ,NA ,ND ,
Minerals,Phosphorus,Children,11-17 years,Both genders,640 mg/day,NA ,NA ,NA ,ND ,
Minerals,Phosphorus,Adults,≥ 18 years,Both genders,550 mg/day,NA ,NA ,NA ,ND ,
Minerals,Phosphorus,Pregnant women,≥ 18 years,Female,550 mg/day,NA ,NA ,NA ,ND ,
Minerals,Phosphorus,Lactating women,≥ 18 years,Female,550 mg/day,NA ,NA ,NA ,ND ,
Minerals,Potassium,Infants,7-11 months,Both genders,750 mg/day,NA ,NA ,NA ,ND ,
Minerals,Potassium,Children,1-3 years,Both genders,800 mg/day,NA ,NA ,NA ,ND ,
Minerals,Potassium,Children,4-6 years,Both genders,1100 mg/day,NA ,NA ,NA ,ND ,
Minerals,Potassium,Children,7-10 years,Both genders,1800 mg/day,NA ,NA ,NA ,ND ,
Minerals,Potassium,Children,11-14 years,Both genders,2700 mg/day,NA ,NA ,NA ,ND ,
Minerals,Potassium,Children,15-17 years,Both genders,3500 mg/day,NA ,NA ,NA ,ND ,
Minerals,Potassium,Adults,≥ 18 years,Both genders,3500 mg/day,NA ,NA ,NA ,ND ,
Minerals,Potassium,Pregnant women,≥ 18 years,Female,3500 mg/day,NA ,NA ,NA ,ND ,
Minerals,Potassium,Lactating women,≥ 18 years,Female,4000 mg/day,NA ,NA ,NA ,ND ,
Minerals,Selenium,Infants,7-11 months,Both genders,15 μg/day,NA ,NA ,NA ,ND ,
Minerals,Selenium,Children,1-3 years,Both genders,15 μg/day,NA ,NA ,NA ,60 μg/day,
Minerals,Selenium,Children,4-6 years,Both genders,20 μg/day,NA ,NA ,NA ,90 μg/day,
Minerals,Selenium,Children,7-10 years,Both genders,35 μg/day,NA ,NA ,NA ,130 μg/day,
Minerals,Selenium,Children,11-14 years,Both genders,55 μg/day,NA ,NA ,NA ,200 μg/day,
Minerals,Selenium,Children,15-17 years,Both genders,70 μg/day,NA ,NA ,NA ,250 μg/day,
Minerals,Selenium,Adults,≥ 18 years,Both genders,70 μg/day,NA ,NA ,NA ,300 μg/day,
Minerals,Selenium,Pregnant women,≥ 18 years,Female,70 μg/day,NA ,NA ,NA ,300 μg/day,
Minerals,Selenium,Lactating women,≥ 18 years,Female,85 μg/day,NA ,NA ,NA ,300 μg/day,
Minerals,Sodium,Infants,7-11 months,Both genders,"0,2 g/day",NA ,NA ,NA ,ND ,NA 
Minerals,Sodium,Children,1-3 years,Both genders,NA ,NA ,NA ,NA ,ND ,"1,1 g/day"
Minerals,Sodium,Children,4-6 years,Both genders,NA ,NA ,NA ,NA ,ND ,"1,3 g/day"
Minerals,Sodium,Children,7-10 years,Both genders,NA ,NA ,NA ,NA ,ND ,"1,7 g/day"
Minerals,Sodium,Children,11-17 years,Both genders,NA ,NA ,NA ,NA ,ND ,2 g/day
Minerals,Sodium,Adults,≥ 18 years,Both genders,NA ,NA ,NA ,NA ,ND ,2 g/day
Minerals,Sodium,Pregnant women,≥ 18 years,Both genders,NA ,NA ,NA ,NA ,ND ,2 g/day
Minerals,Sodium,Lactating women,≥ 18 years,Both genders,NA ,NA ,NA ,NA ,ND ,2 g/day
Minerals,Zinc,Infants,7-11 months,Both genders,NA ,2.4 mg/day,2.9 mg/day,NA ,ND ,
Minerals,Zinc,Children,1-3 years,Both genders,NA ,3.6 mg/day,4.3 mg/day,NA ,7 mg/day,
Minerals,Zinc,Children,4-6 years,Both genders,NA ,4.6 mg/day,5.5 mg/day,NA ,10 mg/day,
Minerals,Zinc,Children,7-10 years,Both genders,NA ,6.2 mg/day,7.4 mg/day,NA ,13 mg/day,
Minerals,Zinc,Children,11-14 years,Both genders,NA ,8.9 mg/day,10.7 mg/day,NA ,18 mg/day,
Minerals,Zinc,Children,15-17 years,Male,NA ,11.8 mg/day,14.2 mg/day,NA ,22 mg/day,
Minerals,Zinc,Children,15-17 years,Female,NA ,9.9 mg/day,11.9 mg/day,NA ,22 mg/day,
Minerals,Zinc,Adults (LPI 300 mg/day),≥ 18 years,Male,NA ,7.5 mg/day,9.4 mg/day,NA ,25 mg/day,
Minerals,Zinc,Adults (LPI 600 mg/day),≥ 18 years,Male,NA ,9.3 mg/day,11.7 mg/day,NA ,25 mg/day,
Minerals,Zinc,Adults (LPI 900 mg/day),≥ 18 years,Male,NA ,11 mg/day,14 mg/day,NA ,25 mg/day,
Minerals,Zinc,Adults (LPI 1200 mg/day),≥ 18 years,Male,NA ,12.7 mg/day,16.3 mg/day,NA ,25 mg/day,
Minerals,Zinc,Adults (LPI 300 mg/day),≥ 18 years,Female,NA ,6.2 mg/day,7.5 mg/day,NA ,25 mg/day,
Minerals,Zinc,Adults (LPI 600 mg/day),≥ 18 years,Female,NA ,7.6 mg/day,9.3 mg/day,NA ,25 mg/day,
Minerals,Zinc,Adults (LPI 900 mg/day),≥ 18 years,Female,NA ,8.9 mg/day,11 mg/day,NA ,25 mg/day,
Minerals,Zinc,Adults (LPI 1200 mg/day),≥ 18 years,Female,NA ,10.2 mg/day,12.7 mg/day,NA ,25 mg/day,
Minerals,Zinc,Pregnant women,≥ 18 years,Female,NA ,(+) 1.3 mg/day,(+) 1.6 mg/day,NA ,25 mg/day,
Minerals,Zinc,Lactating women,≥ 18 years,Female,NA ,(+) 2.4 mg/day,(+) 2.9 mg/day,NA ,25 mg/day,
Vitamins,Biotin,Infants,7-11 months,Both genders,6 μg/day,NA ,NA ,NA ,ND ,
Vitamins,Biotin,Children,1-3 years,Both genders,20 μg/day,NA ,NA ,NA ,ND ,
Vitamins,Biotin,Children,4-6 years,Both genders,25 μg/day,NA ,NA ,NA ,ND ,
Vitamins,Biotin,Children,7-10 years,Both genders,25 μg/day,NA ,NA ,NA ,ND ,
Vitamins,Biotin,Children,11-17 years,Both genders,35 μg/day,NA ,NA ,NA ,ND ,
Vitamins,Biotin,Adults,≥ 18 years,Both genders,40 μg/day,NA ,NA ,NA ,ND ,
Vitamins,Biotin,Pregnant women,≥ 18 years,Female,40 μg/day,NA ,NA ,NA ,ND ,
Vitamins,Biotin,Lactating women,≥ 18 years,Female,45 μg/day,NA ,NA ,NA ,ND ,
Vitamins,Choline,Infants,7-11 months,Both genders,160 mg/day,NA ,NA ,NA ,NA ,
Vitamins,Choline,Children,1-3 years,Both genders,140 mg/day,NA ,NA ,NA ,NA ,
Vitamins,Choline,Children,4-6 years,Both genders,170 mg/day,NA ,NA ,NA ,NA ,
Vitamins,Choline,Children,7-10 years,Both genders,250 mg/day,NA ,NA ,NA ,NA ,
Vitamins,Choline,Children,11-14 years,Both genders,340 mg/day,NA ,NA ,NA ,NA ,
Vitamins,Choline,Children,15-17 years,Both genders,400 mg/day,NA ,NA ,NA ,NA ,
Vitamins,Choline,Adults,≥ 18 years,Both genders,400 mg/day,NA ,NA ,NA ,NA ,
Vitamins,Choline,Pregnant women,≥ 18 years,Female,480 mg/day,NA ,NA ,NA ,NA ,
Vitamins,Choline,Lactating women,≥ 18 years,Female,520 mg/day,NA ,NA ,NA ,NA ,
Vitamins,Cobalamin (vitamin B12),Infants,7-11 months,Both genders,1.5 μg/day,NA ,NA ,NA ,ND ,
Vitamins,Cobalamin (vitamin B12),Children,1-3 years,Both genders,1.5 μg/day,NA ,NA ,NA ,ND ,
Vitamins,Cobalamin (vitamin B12),Children,4-6 years,Both genders,1.5 μg/day,NA ,NA ,NA ,ND ,
Vitamins,Cobalamin (vitamin B12),Children,7-10 years,Both genders,2.5 μg/day,NA ,NA ,NA ,ND ,
Vitamins,Cobalamin (vitamin B12),Children,11-14 years,Both genders,3.5 μg/day,NA ,NA ,NA ,ND ,
Vitamins,Cobalamin (vitamin B12),Children,15-17 years,Both genders,4 μg/day,NA ,NA ,NA ,ND ,
Vitamins,Cobalamin (vitamin B12),Adults,≥ 18 years,Both genders,4 μg/day,NA ,NA ,NA ,ND ,
Vitamins,Cobalamin (vitamin B12),Pregnant women,≥ 18 years,Female,4.5 μg/day,NA ,NA ,NA ,ND ,
Vitamins,Cobalamin (vitamin B12),Lactating women,≥ 18 years,Female,5 μg/day,NA ,NA ,NA ,ND ,
Vitamins,Folate,Infants,7-11 months,Both genders,80 μg DFE/day,NA ,NA ,NA ,ND ,
Vitamins,Folate,Children,1-3 years,Both genders,NA ,90 µg DFE/day,120 μg DFE/day,NA ,200 μg/day,
Vitamins,Folate,Children,4-6 years,Both genders,NA ,110 µg DFE/day,140 μg DFE/day,NA ,300 μg/day,
Vitamins,Folate,Children,7-10 years,Both genders,NA ,160 µg DFE/day,200 μg DFE/day,NA ,400 μg/day,
Vitamins,Folate,Children,11-14 years,Both genders,NA ,210 µg DFE/day,270 μg DFE/day,NA ,600 μg/day,
Vitamins,Folate,Children,15-17 years,Both genders,NA ,250 µg DFE/day,330 μg DFE/day,NA ,800 μg/day,
Vitamins,Folate,Adults,≥ 18 years,Both genders,NA ,250 µg DFE/day,330 μg DFE/day,NA ,1000 μg/day,
Vitamins,Folate,Pregnant women,≥ 18 years,Female,600 μg DFE/day,NA ,NA ,NA ,1000 μg/day,
Vitamins,Folate,Lactating women,≥ 18 years,Female,NA ,380 µg DFE/day,500 μg DFE/day,NA ,1000 μg/day,
Vitamins,Niacin,Infants,7-11 months,Both genders,NA ,1.3 mg NE/MJ,1.6 mg NE/MJ,NA ,ND ,
Vitamins,Niacin,Children,1-3 years,Both genders,NA ,1.3 mg NE/MJ,1.6 mg NE/MJ,NA ,150 mg/day nicotinamide,
Vitamins,Niacin,Children,1-3 years,Both genders,NA ,1.3 mg NE/MJ,1.6 mg NE/MJ,NA ,2 mg/day nicotinic acid,
Vitamins,Niacin,Children,4-6 years,Both genders,NA ,1.3 mg NE/MJ,1.6 mg NE/MJ,NA ,220 mg/day nicotinamide,
Vitamins,Niacin,Children,4-6 years,Both genders,NA ,1.3 mg NE/MJ,1.6 mg NE/MJ,NA ,3 mg/day nicotinic acid,
Vitamins,Niacin,Children,7-10 years,Both genders,NA ,1.3 mg NE/MJ,1.6 mg NE/MJ,NA ,350 mg/day nicotinamide,
Vitamins,Niacin,Children,7-10 years,Both genders,NA ,1.3 mg NE/MJ,1.6 mg NE/MJ,NA ,4 mg/day nicotinic acid,
Vitamins,Niacin,Children,11-14 years,Both genders,NA ,1.3 mg NE/MJ,1.6 mg NE/MJ,NA ,500 mg/day nicotinamide,
Vitamins,Niacin,Children,11-14 years,Both genders,NA ,1.3 mg NE/MJ,1.6 mg NE/MJ,NA ,6 mg/day nicotinic acid,
Vitamins,Niacin,Children,15-17 years,Both genders,NA ,1.3 mg NE/MJ,1.6 mg NE/MJ,NA ,700 mg/day nicotinamide,
Vitamins,Niacin,Children,15-17 years,Both genders,NA ,1.3 mg NE/MJ,1.6 mg NE/MJ,NA ,8 mg/day nicotinic acid,
Vitamins,Niacin,Adults,≥ 18 years,Both genders,NA ,1.3 mg NE/MJ,1.6 mg NE/MJ,NA ,900 mg/day nicotinamide,
Vitamins,Niacin,Adults,≥ 18 years,Both genders,NA ,1.3 mg NE/MJ,1.6 mg NE/MJ,NA ,10 mg/day nicotinic acid,
Vitamins,Niacin,Lactating women,≥ 18 years,Female,NA ,1.3 mg NE/MJ,1.6 mg NE/MJ,NA ,ND ,
Vitamins,Niacin,Pregnant women,≥ 18 years,Female,NA ,1.3 mg NE/MJ,1.6 mg NE/MJ,NA ,ND ,
Vitamins,Pantothenic acid,Infants,7-11 months,Both genders,3 mg/day,NA ,NA ,NA ,ND ,
Vitamins,Pantothenic acid,Children,1-3 years,Both genders,4 mg/day,NA ,NA ,NA ,ND ,
Vitamins,Pantothenic acid,Children,4-10 years,Both genders,4 mg/day,NA ,NA ,NA ,ND ,
Vitamins,Pantothenic acid,Children,11-17 years,Both genders,5 mg/day,NA ,NA ,NA ,ND ,
Vitamins,Pantothenic acid,Adults,≥ 18 years,Both genders,5 mg/day,NA ,NA ,NA ,ND ,
Vitamins,Pantothenic acid,Pregnant women,≥ 18 years,Female,5 mg/day,NA ,NA ,NA ,ND ,
Vitamins,Pantothenic acid,Lactating women,≥ 18 years,Female,7 mg/day,NA ,NA ,NA ,ND ,
Vitamins,Riboflavin,Infants,7-11 months,Both genders,0.4 mg/day,NA ,NA ,NA ,ND ,
Vitamins,Riboflavin,Children,1-3 years,Both genders,NA ,0.5 mg/day,0.6 mg/day,NA ,ND ,
Vitamins,Riboflavin,Children,4-6 years,Both genders,NA ,0.6 mg/day,0.7 mg/day,NA ,ND ,
Vitamins,Riboflavin,Children,7-10 years,Both genders,NA ,0.8 mg/day,1 mg/day,NA ,ND ,
Vitamins,Riboflavin,Children,11-14 years,Both genders,NA ,1.1 mg/day,1.4 mg/day,NA ,ND ,
Vitamins,Riboflavin,Children,15-17 years,Both genders,NA ,1.4 mg/day,1.6 mg/day,NA ,ND ,
Vitamins,Riboflavin,Adults,≥ 18 years,Both genders,NA ,1.3 mg/day,1.6 mg/day,NA ,ND ,
Vitamins,Riboflavin,Pregnant women,≥ 18 years,Female,NA ,1.5 mg/day,1.9 mg/day,NA ,ND ,
Vitamins,Riboflavin,Lactating women,≥ 18 years,Female,NA ,1.7 mg/day,2 mg/day,NA ,ND ,
Vitamins,Thiamin,Infants,7-11 months,Both genders,NA ,0.072 mg/MJ,0.1 mg/MJ,NA ,ND ,
Vitamins,Thiamin,Children,1-3 years,Both genders,NA ,0.072 mg/MJ,0.1 mg/MJ,NA ,ND ,
Vitamins,Thiamin,Children,4-6 years,Both genders,NA ,0.072 mg/MJ,0.1 mg/MJ,NA ,ND ,
Vitamins,Thiamin,Children,7-10 years,Both genders,NA ,0.072 mg/MJ,0.1 mg/MJ,NA ,ND ,
Vitamins,Thiamin,Children,11-14 years,Both genders,NA ,0.072 mg/MJ,0.1 mg/MJ,NA ,ND ,
Vitamins,Thiamin,Children,15-17 years,Both genders,NA ,0.072 mg/MJ,0.1 mg/MJ,NA ,ND ,
Vitamins,Thiamin,Adults,≥ 18 years,Both genders,NA ,0.072 mg/MJ,0.1 mg/MJ,NA ,ND ,
Vitamins,Thiamin,Pregnant women,≥ 18 years,Female,NA ,0.072 mg/MJ,0.1 mg/MJ,NA ,ND ,
Vitamins,Thiamin,Lactating women,≥ 18 years,Female,NA ,0.072 mg/MJ,0.1 mg/MJ,NA ,ND ,
Vitamins,Vitamin A,Infants,7-11 months,Both genders,NA ,190 μg RE/day,250 μg RE/day,NA ,ND ,
Vitamins,Vitamin A,Children,1-3 years,Both genders,NA ,205 μg RE/day,250 μg RE/day,NA ,800 μg RE/day,
Vitamins,Vitamin A,Children,4-6 years,Both genders,NA ,245 μg RE/day,300 μg RE/day,NA ,1100 μg RE/day,
Vitamins,Vitamin A,Children,7-10 years,Both genders,NA ,320 μg RE/day,400 μg RE/day,NA ,1500 μg RE/day,
Vitamins,Vitamin A,Children,11-14 years,Both genders,NA ,480 μg RE/day,600 μg RE/day,NA ,2000 μg RE/day,
Vitamins,Vitamin A,Children,15-17 years,Male,NA ,580 μg RE/day,750 μg RE/day,NA ,2600 μg RE/day,
Vitamins,Vitamin A,Children,15-17 years,Female,NA ,490 μg RE/day,650 μg RE/day,NA ,2600 μg RE/day,
Vitamins,Vitamin A,Adults,≥ 18 years,Male,NA ,570 μg RE/day,750 μg RE/day,NA ,3000 μg RE/day,
Vitamins,Vitamin A,Premenopausal women,18-59 years,Female,NA ,490 μg RE/day,650 μg RE/day,NA ,3000 μg RE/day,
Vitamins,Vitamin A,Postmenopausal women,≥ 40 years,Female,NA ,490 μg RE/day,650 μg RE/day,NA ,ND ,
Vitamins,Vitamin A,Pregnant women,≥ 18 years,Female,NA ,540 μg RE/day,700 μg RE/day,NA ,3000 μg RE/day,
Vitamins,Vitamin A,Lactating women,≥ 18 years,Female,NA ,1020 μg RE/day,1300 μg RE/day,NA ,3000 μg RE/day,
Vitamins,Vitamin B6,Infants,7-11 months,Both genders,0.3 mg/day,NA ,NA ,NA ,ND ,
Vitamins,Vitamin B6,Children,1-3 years,Both genders,NA ,0.5 mg/day,0.6 mg/day,NA ,5 mg/day,
Vitamins,Vitamin B6,Children,4-6 years,Both genders,NA ,0.6 mg/day,0.7 mg/day,NA ,7 mg/day,
Vitamins,Vitamin B6,Children,7-10 years,Both genders,NA ,0.9 mg/day,1 mg/day,NA ,10 mg/day,
Vitamins,Vitamin B6,Children,11-14 years,Both genders,NA ,1.2 mg/day,1.4 mg/day,NA ,15 mg/day,
Vitamins,Vitamin B6,Children,15-17 years,Male,NA ,1.5 mg/day,1.7 mg/day,NA ,20 mg/day,
Vitamins,Vitamin B6,Children,15-17 years,Female,NA ,1.3 mg/day,1.6 mg/day,NA ,20 mg/day,
Vitamins,Vitamin B6,Adults,≥ 18 years,Male,NA ,1.5 mg/day,1.7 mg/day,NA ,25 mg/day,
Vitamins,Vitamin B6,Adults,≥ 18 years,Female,NA ,1.3 mg/day,1.6 mg/day,NA ,25 mg/day,
Vitamins,Vitamin B6,Pregnant women,≥ 18 years,Female,NA ,1.5 mg/day,1.8 mg/day,NA ,25 mg/day,
Vitamins,Vitamin B6,Lactating women,≥ 18 years,Female,NA ,1.4 mg/day,1.7 mg/day,NA ,25 mg/day,
Vitamins,Vitamin C,Infants,7-11 months,Both genders,NA ,NA ,20 mg/day,NA ,ND ,
Vitamins,Vitamin C,Children,1-3 years,Both genders,NA ,15 mg/day,20 mg/day,NA ,ND ,
Vitamins,Vitamin C,Children,4-6 years,Both genders,NA ,25 mg/day,30 mg/day,NA ,ND ,
Vitamins,Vitamin C,Children,7-10 years,Both genders,NA ,40 mg/day,45 mg/day,NA ,ND ,
Vitamins,Vitamin C,Children,11-14 years,Both genders,NA ,60 mg/day,70 mg/day,NA ,ND ,
Vitamins,Vitamin C,Children,15-17 years,Male,NA ,85 mg/day,100 mg/day,NA ,ND ,
Vitamins,Vitamin C,Children,15-17 years,Female,NA ,75 mg/day,90 mg/day,NA ,ND ,
Vitamins,Vitamin C,Adults,≥ 18 years,Male,NA ,90 mg/day,110 mg/day,NA ,ND ,
Vitamins,Vitamin C,Adults,≥ 18 years,Female,NA ,80 mg/day,95 mg/day,NA ,ND ,
Vitamins,Vitamin C,Pregnant women,≥ 18 years,Female,NA ,NA ,105 mg/day,NA ,ND ,
Vitamins,Vitamin C,Lactating women,≥ 18 years,Female,NA ,140 mg/day,155 mg/day,NA ,ND ,
Vitamins,Vitamin D,Infants,7-11 months,Both genders,10 μg/day,NA ,NA ,NA ,35 μg/day,
Vitamins,Vitamin D,Children,1-3 years,Both genders,15 μg/day,NA ,NA ,NA ,50 μg/day,
Vitamins,Vitamin D,Children,4-6 years,Both genders,15 μg/day,NA ,NA ,NA ,50 μg/day,
Vitamins,Vitamin D,Children,7-10 years,Both genders,15 μg/day,NA ,NA ,NA ,50 μg/day,
Vitamins,Vitamin D,Children,11-14 years,Both genders,15 μg/day,NA ,NA ,NA ,100 μg/day,
Vitamins,Vitamin D,Children,15-17 years,Both genders,15 μg/day,NA ,NA ,NA ,100 μg/day,
Vitamins,Vitamin D,Adults,≥ 18 years,Both genders,15 μg/day,NA ,NA ,NA ,100 μg/day,
Vitamins,Vitamin D,Pregnant women,≥ 18 years,Female,15 μg/day,NA ,NA ,NA ,100 μg/day,
Vitamins,Vitamin D,Lactating women,≥ 18 years,Female,15 μg/day,NA ,NA ,NA ,100 μg/day,
Vitamins,Vitamin E,Infants,7-11 months,Both genders,5 mg/day,NA ,NA ,NA ,ND ,
Vitamins,Vitamin E,Children,1-2 years,Both genders,6 mg/day,NA ,NA ,NA ,100 mg/day,
Vitamins,Vitamin E,Children,3 years,Both genders,9 mg/day,NA ,NA ,NA ,100 mg/day,
Vitamins,Vitamin E,Children,4-6 years,Both genders,9 mg/day,NA ,NA ,NA ,120 mg/day,
Vitamins,Vitamin E,Children,7-9 years,Both genders,9 mg/day,NA ,NA ,NA ,160 mg/day,
Vitamins,Vitamin E,Children,10 years,Male,13 mg/day,NA ,NA ,NA ,160 mg/day,
Vitamins,Vitamin E,Children,10 years,Female,11 mg/day,NA ,NA ,NA ,160 mg/day,
Vitamins,Vitamin E,Children,11-14 years,Male,13 mg/day,NA ,NA ,NA ,220 mg/day,
Vitamins,Vitamin E,Children,11-14 years,Female,11 mg/day,NA ,NA ,NA ,220 mg/day,
Vitamins,Vitamin E,Children,15-17 years,Male,13 mg/day,NA ,NA ,NA ,260 mg/day,
Vitamins,Vitamin E,Children,15-17 years,Female,11 mg/day,NA ,NA ,NA ,260 mg/day,
Vitamins,Vitamin E,Adults,≥ 18 years,Male,13 mg/day,NA ,NA ,NA ,300 mg/day,
Vitamins,Vitamin E,Adults,≥ 18 years,Female,11 mg/day,NA ,NA ,NA ,300 mg/day,
Vitamins,Vitamin E,Pregnant women,≥ 18 years,Female,11 mg/day,NA ,NA ,NA ,300 mg/day,
Vitamins,Vitamin E,Lactating women,≥ 18 years,Female,11 mg/day,NA ,NA ,NA ,300 mg/day,
Vitamins,Vitamin K as phylloquinone,Infants,7-11 months,Both genders,10 μg/day,NA ,NA ,NA ,ND ,
Vitamins,Vitamin K as phylloquinone,Children,1-3 years,Both genders,12 μg/day,NA ,NA ,NA ,ND ,
Vitamins,Vitamin K as phylloquinone,Children,4-6 years,Both genders,20 μg/day,NA ,NA ,NA ,ND ,
Vitamins,Vitamin K as phylloquinone,Children,7-10 years,Both genders,30 μg/day,NA ,NA ,NA ,ND ,
Vitamins,Vitamin K as phylloquinone,Children,11-14 years,Both genders,45 μg/day,NA ,NA ,NA ,ND ,
Vitamins,Vitamin K as phylloquinone,Children,15-17 years,Both genders,65 μg/day,NA ,NA ,NA ,ND ,
Vitamins,Vitamin K as phylloquinone,Adults,≥ 18 years,Both genders,70 μg/day,NA ,NA ,NA ,ND ,
Vitamins,Vitamin K as phylloquinone,Pregnant women,≥ 18 years,Female,70 μg/day,NA ,NA ,NA ,ND ,
Vitamins,Vitamin K as phylloquinone,Lactating women,≥ 18 years,Female,70 μg/day,NA ,NA ,NA ,ND ,
